date,return
2016-01-04,0.0001556498627912628
2016-01-05,0.0001556498627912628
2016-01-06,0.0001556498627912628
2016-01-07,0.0001556498627912628
2016-01-08,0.0001556498627912628
2016-01-11,0.0001556498627912628
2016-01-12,0.0001556498627912628
2016-01-13,-0.00020951183741879653
2016-01-14,0.019698239731768652
2016-01-15,-0.016235100698725802
2016-01-18,0.0
2016-01-19,0.006893670357217552
2016-01-20,0.0018672199170124415
2016-01-21,0.005177055290950472
2016-01-22,0.06551297898640307
2016-01-25,0.01894818252126851
2016-01-26,0.006072106261859611
2016-01-27,-0.02451904941531502
2016-01-28,-0.02300850734725446
2016-01-29,0.007916089451810882
2016-02-01,0.01050664596598394
2016-02-02,-0.019096229615554572
2016-02-03,0.011527766439816123
2016-02-04,0.004762214604555652
2016-02-05,-0.03572089473121948
2016-02-08,-0.028109852241737676
2016-02-09,-0.008810289613351063
2016-02-10,0.014635301107952794
2016-02-11,-0.008928803659644866
2016-02-12,0.01736060992176469
2016-02-15,0.0
2016-02-16,0.020285900018227297
2016-02-17,0.02165167579328117
2016-02-18,-0.004985171273071491
2016-02-19,0.004841511261710263
2016-02-22,0.010322376788854748
2016-02-23,-0.006532026425651086
2016-02-24,0.005207092477407027
2016-02-25,0.008697156935696821
2016-02-26,0.0037201114654318006
2016-02-29,-0.010066479815088155
2016-03-01,0.027931224539303613
2016-03-02,0.001137849318094708
2016-03-03,0.002955543713631004
2016-03-04,0.0008794612534019327
2016-03-07,0.004278626684594696
2016-03-08,-0.016054641008973046
2016-03-09,-0.0042917248166370065
2016-03-10,-0.00036824661598400997
2016-03-11,0.012379104610487664
2016-03-14,-0.004599417986758196
2016-03-15,-0.006430012247827977
2016-03-16,-0.00037467910947114693
2016-03-17,-0.0006217310975144885
2016-03-18,0.007245410008181019
2016-03-21,0.004700495596722024
2016-03-22,0.0018760877924182203
2016-03-23,-0.009450851656425096
2016-03-24,-0.0015813357723720057
2016-03-28,-0.0028601396268725637
2016-03-29,0.013947928974742648
2016-03-30,0.00469551902198273
2016-03-31,0.006475495663368002
2016-04-01,0.020680209430570133
2016-04-04,0.011534831423731929
2016-04-05,0.005064767016750449
2016-04-06,0.026547657658884633
2016-04-07,-0.017763110954216618
2016-04-08,-0.0013698419425263693
2016-04-11,-0.004993089284901697
2016-04-12,0.011040177361145886
2016-04-13,0.012643357543009255
2016-04-14,-0.00024223757312520356
2016-04-15,-0.0005798248042239754
2016-04-18,0.008648730163295688
2016-04-19,-0.006197201984916423
2016-04-20,0.009039582679273746
2016-04-21,0.006927529120492215
2016-04-22,0.0004224201193730126
2016-04-25,0.008811047831893489
2016-04-26,-0.0025783534261677233
2016-04-27,-0.005948999572842354
2016-04-28,0.022725919690472374
2016-04-29,-0.03659912191370073
2016-05-02,0.0071695120174740294
2016-05-03,0.00037569975870502443
2016-05-04,-0.007631269133856004
2016-05-05,0.0024214490553311706
2016-05-06,-0.00021477408170875734
2016-05-09,0.003999142210848724
2016-05-10,0.01060424828832247
2016-05-11,-0.008513026155944922
2016-05-12,-0.000999668829914624
2016-05-13,-0.005532427612230887
2016-05-16,0.01158476617105395
2016-05-17,-0.012472261767706484
2016-05-18,0.0013872299912703592
2016-05-19,-0.009617939589533593
2016-05-20,0.011240208903914535
2016-05-23,-0.002894494665054389
2016-05-24,0.021415114487404376
2016-05-25,0.0020239890282924464
2016-05-26,0.0016839293526296872
2016-05-27,0.004645497901150223
2016-05-30,0.0
2016-05-31,0.0001930640635850874
2016-06-01,0.006153338058129431
2016-06-02,0.007183300399918221
2016-06-03,-0.004871921212452428
2016-06-06,0.0043197628258159725
2016-06-07,-0.014219961711105586
2016-06-08,0.0018783057405617068
2016-06-09,-0.003950185069214474
2016-06-10,-0.014346434966588332
2016-06-13,-0.004798656103415966
2016-06-14,-0.0034401865783159737
2016-06-15,-0.004368117616428769
2016-06-16,0.0006566069270814342
2016-06-17,-0.008883552342843156
2016-06-20,0.00907823179311534
2016-06-21,-0.0017660548601821757
2016-06-22,-0.0010400718614487288
2016-06-23,0.01640947257693418
2016-06-24,-0.04238465170977308
2016-06-27,-0.018458161043481903
2016-06-28,0.017139267255922342
2016-06-29,0.01917491880360824
2016-06-30,0.019276893850013854
2016-07-01,0.004514844025281661
2016-07-04,0.0
2016-07-05,-0.006202186640876587
2016-07-06,0.012901385385235145
2016-07-07,0.0037643585473041102
2016-07-08,0.014281026486807328
2016-07-11,0.003044011107530986
2016-07-12,0.0003745490572927723
2016-07-13,-0.003114087102504744
2016-07-14,0.007792993100070481
2016-07-15,0.0026053814854327378
2016-07-18,0.0038019779381225803
2016-07-19,-0.0039677382726519324
2016-07-20,0.006544152880947229
2016-07-21,0.005645760290490406
2016-07-22,0.006175272264930946
2016-07-25,-0.0010761779464543819
2016-07-26,0.010121023693946251
2016-07-27,0.0017377187508776112
2016-07-28,-0.0015329414087018674
2016-07-29,0.013266370980754316
2016-08-01,0.0086855358008849
2016-08-02,0.005296613943831526
2016-08-03,0.0009446224833083253
2016-08-04,-0.0017989019255052327
2016-08-05,0.008618800080125878
2016-08-08,-0.002657517891332765
2016-08-09,0.001156972766908737
2016-08-10,-0.002324556686506411
2016-08-11,0.003781527403426699
2016-08-12,-0.0010528488527383453
2016-08-15,0.005393089461163458
2016-08-16,-0.010165502946464514
2016-08-17,4.2440170144734483e-05
2016-08-18,0.004368124462827846
2016-08-19,0.005539852456546623
2016-08-22,0.0004369557733628904
2016-08-23,0.002006070354660605
2016-08-24,-0.008591294305879705
2016-08-25,-0.0008478455098258989
2016-08-26,0.0009560391696305478
2016-08-29,-8.424933068752841e-05
2016-08-30,-0.0008662127392562077
2016-08-31,-0.004666013010365932
2016-09-01,-0.0016918251772621037
2016-09-02,0.0056352851456936545
2016-09-05,0.0
2016-09-06,0.004823777775371396
2016-09-07,-0.003196494467870603
2016-09-08,-0.0009015391302450215
2016-09-09,-0.026339081353778982
2016-09-12,0.015042049721761663
2016-09-13,-0.013904781673160857
2016-09-14,0.00319282573405056
2016-09-15,0.009891485784997345
2016-09-16,-0.0015449468446575724
2016-09-19,0.0003911206081643156
2016-09-20,0.0009040657147407612
2016-09-21,0.006494562780967568
2016-09-22,0.008887241883550449
2016-09-23,-0.009209926846294573
2016-09-26,-0.0057031320689673905
2016-09-27,0.011906678269030706
2016-09-28,0.0020962760232435523
2016-09-29,-0.00823041569996988
2016-09-30,0.007080165274348279
2016-10-03,-0.007268847983493388
2016-10-04,-0.0063465546539813
2016-10-05,0.003204601467745542
2016-10-06,-9.946158837292885e-06
2016-10-07,-0.00236761815001368
2016-10-10,0.0037113922833076646
2016-10-11,-0.017641023615342633
2016-10-12,-0.0034027969560649204
2016-10-13,-0.0003694853064725538
2016-10-14,0.00037806188206210105
2016-10-17,0.0009620913564977111
2016-10-18,0.007886115487842274
2016-10-19,-0.005569570329855515
2016-10-20,-0.001603254740965121
2016-10-21,-0.004892239726515942
2016-10-24,0.007712660023662546
2016-10-25,-0.008393675414994554
2016-10-26,-0.016279223816434058
2016-10-27,-0.003945414762616117
2016-10-28,0.001606779213869632
2016-10-31,-0.00633693706933692
2016-11-01,-0.0077746268882898486
2016-11-02,-0.011075180039996827
2016-11-03,-0.005165740129646139
2016-11-04,0.006777482310414588
2016-11-07,0.0198599496159472
2016-11-08,0.0008871653559193504
2016-11-09,0.021163276858880056
2016-11-10,0.003395604795029561
2016-11-11,-0.001982677984237961
2016-11-14,0.001092314902604552
2016-11-15,0.007111145135124497
2016-11-16,-0.0005060207726700424
2016-11-17,0.0044403433111749845
2016-11-18,-0.004418397889409734
2016-11-21,0.010077812351341057
2016-11-22,-0.0005806535616028545
2016-11-23,-3.4015692413206604e-05
2016-11-24,0.0
2016-11-25,0.002066635366324047
2016-11-28,-0.004488109875600791
2016-11-29,0.004903791472866644
2016-11-30,-0.011870540521308537
2016-12-01,-0.012071719009241422
2016-12-02,0.006205445127821367
2016-12-05,0.0012334307913721106
2016-12-06,0.002374955943742174
2016-12-07,0.005026356496392714
2016-12-08,0.017617516647071216
2016-12-09,0.009822000480831943
2016-12-12,-0.00017572643828711598
2016-12-13,-0.001917302461307672
2016-12-14,-0.007287861826999387
2016-12-15,0.0083866605924705
2016-12-16,0.00042822639276799784
2016-12-19,-0.005462548586842083
2016-12-20,0.006947360323546318
2016-12-21,-0.0010270554056480623
2016-12-22,0.006302006647378463
2016-12-23,0.005839784203337928
2016-12-27,0.002474195372848468
2016-12-28,-0.00864233771688577
2016-12-29,0.0013063001853277874
2016-12-30,-0.00706386785719193
2017-01-02,0.0001556498627912628
2017-01-03,0.0001556498627912628
2017-01-04,0.0001556498627912628
2017-01-05,0.0001556498627912628
2017-01-06,0.0001556498627912628
2017-01-09,0.0001556498627912628
2017-01-10,0.0001556498627912628
2017-01-11,0.0001556498627912628
2017-01-12,0.0001556498627912628
2017-01-13,0.0001556498627912628
2017-01-16,0.0001556498627912628
2017-01-17,0.0001556498627912628
2017-01-18,0.0001556498627912628
2017-01-19,0.0001556498627912628
2017-01-20,0.00837963384643392
2017-01-23,0.0023484780056002297
2017-01-24,0.024781472470037036
2017-01-25,0.004660569820612137
2017-01-26,-0.0119912472647703
2017-01-27,0.009833451452870401
2017-01-30,-0.001491358891130834
2017-01-31,-0.00386575294324365
2017-02-01,0.007937338463592902
2017-02-02,-0.02267275822476707
2017-02-03,0.020766491464873083
2017-02-06,0.0011002788123206874
2017-02-07,-0.001463572475201924
2017-02-08,0.0065776928305582944
2017-02-09,0.00742608648110522
2017-02-10,0.004729899423187735
2017-02-13,0.006266385967501142
2017-02-14,0.003678497658510634
2017-02-15,0.006814903407975437
2017-02-16,-0.0028504325450071644
2017-02-17,0.0015256103510374948
2017-02-20,0.0
2017-02-21,0.004234701187351601
2017-02-22,0.0009598366697517458
2017-02-23,-0.004119036739644007
2017-02-24,0.00369442226359995
2017-02-27,0.004128780834690719
2017-02-28,-0.002786808936701801
2017-03-01,0.013928244313452758
2017-03-02,-0.00642032829921119
2017-03-03,0.0032109886245275552
2017-03-06,-0.003003259978128196
2017-03-07,-0.005905555892968062
2017-03-08,0.004311762078793032
2017-03-09,0.0007309746446404179
2017-03-10,0.00587675628593336
2017-03-13,0.004623045852348495
2017-03-14,-0.0034637357918861095
2017-03-15,0.011487285490228195
2017-03-16,-0.007544021551647795
2017-03-17,-0.003294580763708773
2017-03-20,0.0026901032445789006
2017-03-21,-0.014406291160817146
2017-03-22,0.0021600711850485806
2017-03-23,-0.0020154942525015818
2017-03-24,0.002812743122238248
2017-03-27,0.0010560275957954169
2017-03-28,0.003417090901034836
2017-03-29,0.005212657692022349
2017-03-30,0.002349222033117315
2017-03-31,0.003032549122778853
2017-04-03,-0.003375760206010958
2017-04-04,-0.00302431941816077
2017-04-05,-0.00511421879596022
2017-04-06,0.0030474156166367433
2017-04-07,-0.0008541957561107502
2017-04-10,-1.8289846886498928e-05
2017-04-11,-0.0010177852682700253
2017-04-12,-0.0033017673409144743
2017-04-13,-0.004441717601086011
2017-04-17,0.00974531306335907
2017-04-18,-0.0016120304967754814
2017-04-19,0.004567031260670499
2017-04-20,0.011086567731025617
2017-04-21,-0.009065191330959598
2017-04-24,0.012807491042362607
2017-04-25,0.009275857194477691
2017-04-26,-0.0016664357613227635
2017-04-27,0.0012979477199368168
2017-04-28,-0.0007853206428482566
2017-05-01,0.0022575289799580196
2017-05-02,0.0008012227789637505
2017-05-03,-0.0025554744516220382
2017-05-04,0.006349851351449069
2017-05-05,0.0025856565860898906
2017-05-08,-0.0011705955852508259
2017-05-09,0.004610409943639497
2017-05-10,-0.0011736496972138744
2017-05-11,0.001406278820015583
2017-05-12,0.001549152652781601
2017-05-15,0.009981349855158639
2017-05-16,0.0033136983085013893
2017-05-17,-0.019274634966844745
2017-05-18,0.004711051209685188
2017-05-19,0.0020396299941692823
2017-05-22,0.007617539819902489
2017-05-23,-0.000482851444230333
2017-05-24,0.005405446788388901
2017-05-25,0.0032377835689810933
2017-05-26,-0.00019305071292054313
2017-05-29,0.0
2017-05-30,-0.0012791989839424423
2017-05-31,0.0019732759485194375
2017-06-01,0.008998967217547952
2017-06-02,0.008697563708794745
2017-06-05,-0.0035737615373311474
2017-06-06,-0.002297680615222686
2017-06-07,0.00019066079252653503
2017-06-08,0.004218270648247535
2017-06-09,-0.010411720078359103
2017-06-12,-0.004469179667053469
2017-06-13,0.00571716178732502
2017-06-14,-0.0026170418083932907
2017-06-15,-0.002249612612041944
2017-06-16,-0.00048298781856983555
2017-06-19,0.013853884042123288
2017-06-20,0.0009476972000530697
2017-06-21,0.01247423731015623
2017-06-22,0.0009855669869628973
2017-06-23,0.001518057519502484
2017-06-26,-0.005121622275322401
2017-06-27,-0.01742070006933243
2017-06-28,0.01397149442047619
2017-06-29,-0.00947652863645388
2017-06-30,0.001009968993936979
2017-07-03,-0.00490294864820496
2017-07-04,0.0
2017-07-05,0.004850486975054043
2017-07-06,-0.008366232488519495
2017-07-07,0.008326663565258336
2017-07-10,0.0019100557003691805
2017-07-11,0.00011982317126800387
2017-07-12,0.011452422883631908
2017-07-13,-0.0012826702558196143
2017-07-14,0.007209501442016419
2017-07-17,-0.0032182418003243803
2017-07-18,0.00010816266764198297
2017-07-19,0.008677013922572741
2017-07-20,0.0014718135712322277
2017-07-21,-0.0070355705804357495
2017-07-24,0.00047872371984305497
2017-07-25,-0.005414738450047874
2017-07-26,0.00045763642677499515
2017-07-27,-0.003641163895463036
2017-07-28,-0.017077046080039602
2017-07-31,-0.005813748865593138
2017-08-01,0.00021955670780603824
2017-08-02,-0.006184847163565858
2017-08-03,-0.0007796924302637157
2017-08-04,0.0034414700650128673
2017-08-07,0.005166415440376112
2017-08-08,-0.003848361434938045
2017-08-09,-0.005581571208107983
2017-08-10,-0.017407705848772204
2017-08-11,0.003922864442132182
2017-08-14,0.010265914807983948
2017-08-15,0.000772265890988962
2017-08-16,0.0030747799471709876
2017-08-17,-0.02132801240039976
2017-08-18,-0.0009178835100047023
2017-08-21,-0.003136165759848919
2017-08-22,0.010642033123385764
2017-08-23,-0.00899556687648319
2017-08-24,0.00439611295947054
2017-08-25,0.0007397762972307209
2017-08-28,0.00302594587958999
2017-08-29,-0.00013013315413394158
2017-08-30,0.00824065550556233
2017-08-31,0.013532665111727809
2017-09-01,0.002448332681184932
2017-09-04,0.0
2017-09-05,-0.008835531873654202
2017-09-06,0.005866327828565879
2017-09-07,0.001956621245853207
2017-09-08,-0.0014738711199660933
2017-09-11,0.007251315719312265
2017-09-12,0.0043666213142789035
2017-09-13,-0.0028234328357087317
2017-09-14,0.002826400183882723
2017-09-15,0.0003732433056551058
2017-09-18,0.0015994598628627768
2017-09-19,-0.0010819946026809615
2017-09-20,-0.002037125829051171
2017-09-21,-0.005807699070725559
2017-09-22,0.004039635560283091
2017-09-25,-0.009647221329697293
2017-09-26,-0.001821105207355389
2017-09-27,0.005188252286240114
2017-09-28,0.0009726419396472859
2017-09-29,0.004593997945490906
2017-10-02,0.0074959501348834745
2017-10-03,0.008069638720465629
2017-10-04,0.00033682622387093777
2017-10-05,0.007066670615238557
2017-10-06,0.0027017940066435503
2017-10-09,-0.00027685207104025296
2017-10-10,-0.0009339389588193617
2017-10-11,0.002216378238897036
2017-10-12,0.0023746113921448244
2017-10-13,0.0021510232020206816
2017-10-16,0.0019419590647799339
2017-10-17,0.0040080991572744255
2017-10-18,0.0022743514798514958
2017-10-19,0.008881885258489356
2017-10-20,0.00521806481989168
2017-10-23,-0.005515901944904352
2017-10-24,0.0030945885232411745
2017-10-25,-0.009284505845753969
2017-10-26,-0.0009747228397795663
2017-10-27,0.008673423430238048
2017-10-30,-0.009187423140746926
2017-10-31,-0.0023209512674839507
2017-11-01,0.00022595346548732743
2017-11-02,-0.005653322218810941
2017-11-03,0.003814833072194383
2017-11-06,-0.001008742761378619
2017-11-07,-0.0018548219913645228
2017-11-08,0.010157869541509124
2017-11-09,-0.006367970212247028
2017-11-10,-0.0025085157829053037
2017-11-13,-0.0011773582087118465
2017-11-14,-0.00024634202795602945
2017-11-15,-0.0074069118991379355
2017-11-16,0.011963115173843327
2017-11-17,-1.7247479216520035e-05
2017-11-20,0.0032551070594169546
2017-11-21,0.008574593103542449
2017-11-22,-0.0013787761121251574
2017-11-23,0.0
2017-11-24,0.00269092557724242
2017-11-27,-0.0004654312391692228
2017-11-28,0.005963276132102591
2017-11-29,-0.007025529568276327
2017-11-30,0.01232192316308763
2017-12-01,-0.005745292935886667
2017-12-04,-0.005568313913070199
2017-12-05,-0.0026704779166349724
2017-12-06,-3.516095668611256e-05
2017-12-07,0.003149033696305592
2017-12-08,0.007286979629305941
2017-12-11,0.0021233943290586512
2017-12-12,-0.0020949782294972983
2017-12-13,0.005166072630969961
2017-12-14,-0.00763602925558912
2017-12-15,0.012228397663967595
2017-12-18,0.005063192335744652
2017-12-19,-0.0013156305609324384
2017-12-20,0.0021208275813852243
2017-12-21,-0.0005517898089264875
2017-12-22,-0.0026288130157094153
2017-12-26,-0.0008210119072644832
2017-12-27,0.0024596595621774187
2017-12-28,0.0033367559805814145
2017-12-29,-0.005206477642726978
2018-01-02,0.0001556498627912628
2018-01-03,0.0001556498627912628
2018-01-04,0.0001556498627912628
2018-01-05,0.0001556498627912628
2018-01-08,0.0001556498627912628
2018-01-09,0.0001556498627912628
2018-01-10,0.0001556498627912628
2018-01-11,0.0001556498627912628
2018-01-12,0.0001556498627912628
2018-01-15,0.0001556498627912628
2018-01-16,0.0001556498627912628
2018-01-17,0.0001556498627912628
2018-01-18,0.0001556498627912628
2018-01-19,0.0001556498627912628
2018-01-22,0.010780156337812263
2018-01-23,0.01137282652648608
2018-01-24,-0.011544804837822942
2018-01-25,-0.0013651532005258815
2018-01-26,0.019188901827755567
2018-01-29,-0.015250869349230145
2018-01-30,-0.006709377995257948
2018-01-31,0.014525139664804287
2018-02-01,-0.0019022827392871644
2018-02-02,-0.01875815026582406
2018-02-05,-0.0274483745655284
2018-02-06,0.022073894991327947
2018-02-07,-0.010952846197356925
2018-02-08,-0.03658939260468391
2018-02-09,0.017714703950037675
2018-02-12,0.021754227872725036
2018-02-13,0.016198870989935
2018-02-14,0.007350556799450625
2018-02-15,0.01810631663373143
2018-02-16,-0.008152519891560886
2018-02-19,0.0
2018-02-20,0.003361457871400001
2018-02-21,-0.0021666734633812635
2018-02-22,-0.008313959983862773
2018-02-23,0.018733149701517425
2018-02-26,0.010181821084420901
2018-02-27,-0.015026024871697833
2018-02-28,-0.008126332311809821
2018-03-01,-0.012925339288386092
2018-03-02,0.014344415917346632
2018-03-05,0.0072619796620019645
2018-03-06,0.010679511163380291
2018-03-07,0.007204494109595568
2018-03-08,0.003869082190790977
2018-03-09,0.020170039734229737
2018-03-12,0.0012209670972238129
2018-03-13,-0.0060183623698668144
2018-03-14,-0.005215193408498897
2018-03-15,-0.0030679761732389952
2018-03-16,0.008415062028034015
2018-03-19,-0.014070497473048345
2018-03-20,0.014897579475937646
2018-03-21,-0.0002524339489664277
2018-03-22,-0.024613499754968717
2018-03-23,-0.02356272749256917
2018-03-26,0.030597194550184583
2018-03-27,-0.02607469942766966
2018-03-28,-0.008437147299452715
2018-03-29,0.020508820003273344
2018-04-02,-0.022542239975952106
2018-04-03,0.015660395144932247
2018-04-04,0.015311966938538016
2018-04-05,0.003006903963580972
2018-04-06,-0.01946368256979978
2018-04-09,0.0010431228493051373
2018-04-10,0.01669684388081989
2018-04-11,-0.003949786748070183
2018-04-12,0.008815452950125084
2018-04-13,-0.013302974742431554
2018-04-16,0.006201219322980271
2018-04-17,0.014155600561981589
2018-04-18,0.0007832537444297498
2018-04-19,-0.013031623829648101
2018-04-20,-0.005073873579291566
2018-04-23,-0.008080623056725604
2018-04-24,-0.016508458508972246
2018-04-25,0.0025946798308492595
2018-04-26,-0.002869637828417019
2018-04-27,-0.015258396512186316
2018-04-30,-0.00814113383204839
2018-05-01,0.003815096162043933
2018-05-02,-0.00963171468087134
2018-05-03,-0.003922106175543568
2018-05-04,0.006184909264233821
2018-05-07,0.003661527817903713
2018-05-08,0.013033082436221232
2018-05-09,0.003963234855440708
2018-05-10,0.01050551199270049
2018-05-11,-0.0011006295414634382
2018-05-14,-0.0031692948224449013
2018-05-15,-0.007334097286516587
2018-05-16,0.006820213017115284
2018-05-17,0.0008694115811843354
2018-05-18,0.003111233373964765
2018-05-21,0.008889680504419739
2018-05-22,-0.006185573382617922
2018-05-23,0.004193067453640602
2018-05-24,-0.002075546439176179
2018-05-25,-0.00020676380888301853
2018-05-28,0.0
2018-05-29,-0.006527874642643165
2018-05-30,0.007957827080094914
2018-05-31,-0.010820786811389886
2018-06-01,0.01459283030613842
2018-06-04,0.0074754497765572225
2018-06-05,0.005159072283801043
2018-06-06,0.00965690561995789
2018-06-07,-0.0015395505295969262
2018-06-08,0.00693409513213478
2018-06-11,-0.0015469103230473606
2018-06-12,0.002112881088302395
2018-06-13,-0.004356015610262028
2018-06-14,0.0036407938532703856
2018-06-15,0.0023494679594997514
2018-06-18,-0.00027112791265334983
2018-06-19,-0.00729425168660122
2018-06-20,0.0035007840082403726
2018-06-21,-0.009313457940305676
2018-06-22,-0.008921054949352521
2018-06-25,-0.015036228879023443
2018-06-26,0.0021169571819620314
2018-06-27,-0.009944405983331328
2018-06-28,0.00746578107605671
2018-06-29,0.004111945579727264
2018-07-02,0.0040358333331364255
2018-07-03,-0.004517389946684439
2018-07-04,0.0
2018-07-05,0.012606622825850426
2018-07-06,0.008795971588496402
2018-07-09,0.01415854797212687
2018-07-10,0.0011292021855979772
2018-07-11,-0.014654517229821029
2018-07-12,0.010241402780756454
2018-07-13,0.00024975557228033016
2018-07-16,-0.0025676792864860612
2018-07-17,0.00930521685365584
2018-07-18,0.004193499133056718
2018-07-19,-0.004841452457309151
2018-07-20,-0.008308775545531525
2018-07-23,0.00016332159535485205
2018-07-24,0.00016168563496618364
2018-07-25,0.012933966079780087
2018-07-26,0.0031515728813366136
2018-07-27,-0.01261796413889038
2018-07-30,-0.010484124671699523
2018-07-31,0.035331515248421624
2018-08-01,-0.0072925571957330295
2018-08-02,0.01437690103573681
2018-08-03,-0.0031738465691256343
2018-08-06,0.008585563262315011
2018-08-07,0.008291949656513802
2018-08-08,-0.004641343400493544
2018-08-09,-0.0023325468321690507
2018-08-10,-0.009146114874383977
2018-08-13,-0.005606481696854967
2018-08-14,0.010487281418146447
2018-08-15,-0.005813973491204894
2018-08-16,0.008495681318455869
2018-08-17,0.0038246876653861878
2018-08-20,0.005306963202063749
2018-08-21,0.00955979694589019
2018-08-22,-0.0032205612368895334
2018-08-23,-0.002046116151664368
2018-08-24,0.0068142544354303555
2018-08-27,0.006916765521041301
2018-08-28,0.0012520510939198592
2018-08-29,0.003429838030389683
2018-08-30,-0.003216593513988397
2018-08-31,0.002313371945218634
2018-09-03,0.0
2018-09-04,-0.004130460949129026
2018-09-05,-0.004793267340181662
2018-09-06,-0.002582929211834924
2018-09-07,-0.0032436357761213524
2018-09-10,0.008796273776565156
2018-09-11,6.766374786633111e-05
2018-09-12,-0.00039674187695479073
2018-09-13,0.0004141084523309191
2018-09-14,0.003028967056473501
2018-09-17,-0.011582678605040557
2018-09-18,0.0032539872110130728
2018-09-19,0.0012883826551123966
2018-09-20,0.007787813395539697
2018-09-21,-0.007314485352153962
2018-09-24,0.003087165423048151
2018-09-25,-0.0040918620546072015
2018-09-26,-0.00674464045121308
2018-09-27,0.002256293174535862
2018-09-28,-0.005288450294181272
2018-10-01,-0.0045983202075618864
2018-10-02,-0.005349280944703719
2018-10-03,0.004594719499695973
2018-10-04,-0.01299134853743542
2018-10-05,-0.01661110096743516
2018-10-08,-0.009044085794369165
2018-10-09,-0.01364080275921565
2018-10-10,-0.03683858992314437
2018-10-11,-0.025367273944570376
2018-10-12,0.0123904087399234
2018-10-15,-0.00559590931592057
2018-10-16,0.030368793414986283
2018-10-17,-0.004358844835612493
2018-10-18,-0.02381750683001709
2018-10-19,-0.0040421961235692265
2018-10-22,0.005334932424751389
2018-10-23,-0.004917527021132824
2018-10-24,-0.037930442515549494
2018-10-25,0.023249724562720186
2018-10-26,-0.0024272093399928013
2018-10-29,-0.011130890484637534
2018-10-30,0.022820126823840086
2018-10-31,0.0072870072276524315
2018-11-01,0.03105311231922722
2018-11-02,0.0033615447733035706
2018-11-05,0.0006574762985659251
2018-11-06,0.007063471581238197
2018-11-07,0.01813649455873405
2018-11-08,-0.00967542429932596
2018-11-09,-0.013323501329289085
2018-11-12,-0.02324976505851702
2018-11-13,-0.001498713714030786
2018-11-14,-0.005697783131179035
2018-11-15,0.017618627201867916
2018-11-16,-0.0006309099673109442
2018-11-19,-0.020506216284251606
2018-11-20,-0.009722133593939268
2018-11-21,0.009153894261042657
2018-11-22,0.0
2018-11-23,-0.0029906518281115346
2018-11-26,0.013245540554162131
2018-11-27,-0.0058566902210566004
2018-11-28,0.02837862020378122
2018-11-29,-0.003533880454857023
2018-11-30,0.011151301739437562
2018-12-03,0.018186859560393558
2018-12-04,-0.04187071720069344
2018-12-05,0.0
2018-12-06,-0.0008374361919676702
2018-12-07,-0.028704819507262787
2018-12-10,-0.001686771334797162
2018-12-11,-0.0010038393404701548
2018-12-12,0.013515056154431649
2018-12-13,-0.013363258890468233
2018-12-14,-0.019216322788927678
2018-12-17,-0.02477795881130842
2018-12-18,0.00796438796621588
2018-12-19,-0.019858566018286217
2018-12-20,-0.014034900017442505
2018-12-21,-0.01802058365196657
2018-12-24,-0.02571641900965389
2018-12-26,0.051251209334280706
2018-12-27,0.010331206831268595
2018-12-28,-0.0017326550444586087
2018-12-31,0.013661986029219678
2019-01-02,0.0001556498627912628
2019-01-03,0.0001556498627912628
2019-01-04,0.0001556498627912628
2019-01-07,0.0001556498627912628
2019-01-08,0.0001556498627912628
2019-01-09,0.0001556498627912628
2019-01-10,0.0001556498627912628
2019-01-11,0.0001556498627912628
2019-01-14,0.0001556498627912628
2019-01-15,0.0001556498627912628
2019-01-16,0.0001556498627912628
2019-01-17,0.0001556498627912628
2019-01-18,0.0001556498627912628
2019-01-21,0.0001556498627912628
2019-01-22,0.0001556498627912628
2019-01-23,0.0001556498627912628
2019-01-24,0.0001556498627912628
2019-01-25,0.0001556498627912628
2019-01-28,0.0001556498627912628
2019-01-29,0.0001556498627912628
2019-01-30,0.0001556498627912628
2019-01-31,0.0001556498627912628
2019-02-01,0.0001556498627912628
2019-02-04,-0.004231473010064102
2019-02-05,0.0009188009647411732
2019-02-06,-0.00526825027484797
2019-02-07,-0.027304532421230543
2019-02-08,0.0109206603284987
2019-02-11,0.008933317729933065
2019-02-12,0.019807614338945668
2019-02-13,0.00426625732715256
2019-02-14,0.005859252704002327
2019-02-15,0.0222072602640435
2019-02-18,0.0
2019-02-19,0.0018942065514314357
2019-02-20,0.0049384086877921245
2019-02-21,-0.008208789044535791
2019-02-22,0.01056547700062065
2019-02-25,0.001404536838085931
2019-02-26,-0.00436979357766422
2019-02-27,0.004077677630596595
2019-02-28,-0.005381615165326004
2019-03-01,0.0107426536933012
2019-03-04,-0.004055282122015669
2019-03-05,-0.0036423364951042444
2019-03-06,-0.011830899860469776
2019-03-07,-0.007501874316123554
2019-03-08,-0.00673859122844674
2019-03-11,0.01789317023979352
2019-03-12,0.003126842511997796
2019-03-13,0.007520822484294087
2019-03-14,-0.0018356200373830678
2019-03-15,0.01440276723339095
2019-03-18,0.005804221134446519
2019-03-19,-0.004116110820066281
2019-03-20,-0.003175250242320682
2019-03-21,-0.0009533036519265478
2019-03-22,-0.029265331382590333
2019-03-25,0.0007562752458751376
2019-03-26,0.012496387668788408
2019-03-27,-0.004504459168251048
2019-03-28,0.010127369779602595
2019-03-29,0.01022443441403677
2019-04-01,0.012918693358747409
2019-04-02,-0.001119868062799497
2019-04-03,0.004744156352872213
2019-04-04,-0.002806442108121961
2019-04-05,0.004322262615374865
2019-04-08,0.0014298398758138579
2019-04-09,-0.008946615597365308
2019-04-10,0.004498989882716967
2019-04-11,0.0004266673109048602
2019-04-12,0.00630411785293307
2019-04-15,-0.0034514082193037865
2019-04-16,-0.002515389136648949
2019-04-17,-0.008840501609866195
2019-04-18,0.002485910695622377
2019-04-22,-0.0007255932507555851
2019-04-23,0.012549558381848354
2019-04-24,-0.003171867209735598
2019-04-25,-0.003054112810243
2019-04-26,0.008775430271733546
2019-04-29,-0.00572495182023974
2019-04-30,-0.012364607427644513
2019-05-01,-0.010241988770866853
2019-05-02,-0.00010405802498305582
2019-05-03,-0.0007418399264133679
2019-05-06,-0.005315603849964397
2019-05-07,-0.02099625807716654
2019-05-08,-0.0014587771006359478
2019-05-09,-0.003969705324910618
2019-05-10,-0.0005344923010030127
2019-05-13,-0.030753773292827934
2019-05-14,0.009435098236632933
2019-05-15,0.006189560343815392
2019-05-16,-8.60555282813739e-05
2019-05-17,-0.011125584056473932
2019-05-20,-0.011000982758257175
2019-05-21,0.01364683344296634
2019-05-22,-0.0009317984961018914
2019-05-23,-0.012351248630960968
2019-05-24,0.002931175497536054
2019-05-27,0.0
2019-05-28,-0.006651365035837764
2019-05-29,-0.00910764835734037
2019-05-30,0.006387625667536079
2019-05-31,-0.010440231842981759
2019-06-03,0.0022613275495530533
2019-06-04,0.02589025186969241
2019-06-05,0.012827241843710261
2019-06-06,-0.0018082628797192765
2019-06-07,0.006646916070384183
2019-06-10,0.009851601863174842
2019-06-11,-0.006005281022119628
2019-06-12,-0.0022873648462047908
2019-06-13,0.0022444323988748405
2019-06-14,-0.007675332924274677
2019-06-17,0.003281258263214252
2019-06-18,0.01328416388753042
2019-06-19,0.005473542537326126
2019-06-20,0.01690692386774256
2019-06-21,-0.0009081402092790809
2019-06-24,-0.004526673210029627
2019-06-25,-0.006366862676801384
2019-06-26,0.001307111842514804
2019-06-27,0.006211000350739737
2019-06-28,0.006790764685206571
2019-07-01,0.0077983988069741566
2019-07-02,-0.003584800670448011
2019-07-03,0.003924798789877378
2019-07-04,0.0
2019-07-05,-0.0051553358509338326
2019-07-08,-0.014304956402921221
2019-07-09,0.003256057782330461
2019-07-10,-0.0010971337609379554
2019-07-11,-0.0007573198699712809
2019-07-12,0.004952843908446621
2019-07-15,0.00036279027263039774
2019-07-16,-0.001993763533959947
2019-07-17,-0.011758477482959254
2019-07-18,0.005133710085570442
2019-07-19,-0.007784566079767793
2019-07-22,0.005405578879206955
2019-07-23,0.010580538092886171
2019-07-24,0.013098543081450198
2019-07-25,-0.013690579640800634
2019-07-26,0.005685885930117473
2019-07-29,-0.0033688271491454885
2019-07-30,0.0136911006071419
2019-07-31,-0.00818405800257595
2019-08-01,-0.005882355638198115
2019-08-02,-0.019277311795903262
2019-08-05,-0.028585679336282747
2019-08-06,0.017035236418315593
2019-08-07,-0.0008058371394230601
2019-08-08,0.0174389545798565
2019-08-09,-0.001177692006009264
2019-08-12,-0.007380330396684716
2019-08-13,0.02032525053292392
2019-08-14,-0.026166867047176443
2019-08-15,-0.0012741067544339271
2019-08-16,0.016443665960557307
2019-08-19,0.011421111290725323
2019-08-20,-0.010426820038417573
2019-08-21,0.00869719029015065
2019-08-22,-0.0024679362486050554
2019-08-23,-0.02655040798331069
2019-08-26,0.005189068831003156
2019-08-27,-0.00457507781042937
2019-08-28,0.0061717602397519
2019-08-29,0.023743998615936162
2019-08-30,0.0013949910092383444
2019-09-02,0.0
2019-09-03,-0.01255307378637985
2019-09-04,0.013292327489668259
2019-09-05,0.023142046311511875
2019-09-06,0.0023309885244075105
2019-09-09,0.003448509228985608
2019-09-10,0.009572630200457614
2019-09-11,0.013647837816712772
2019-09-12,0.004084060586161205
2019-09-13,-0.0031484622950237757
2019-09-16,-0.007580164790493312
2019-09-17,0.0030846535749947373
2019-09-18,-0.004002764807714051
2019-09-19,-0.0009984563644349705
2019-09-20,-0.008740477375115473
2019-09-23,-0.000599009947600182
2019-09-24,-0.008153041841205836
2019-09-25,0.00793198709245489
2019-09-26,-0.0036303055592731503
2019-09-27,-0.006223836636206966
2019-09-30,0.007427148232603472
2019-10-01,-0.020471286456046033
2019-10-02,-0.013353420560471226
2019-10-03,0.008825587031573597
2019-10-04,0.014442971939335828
2019-10-07,-0.004153528306859067
2019-10-08,-0.01978611484736684
2019-10-09,0.0076833165238760675
2019-10-10,0.006839262820177661
2019-10-11,0.018066441067370882
2019-10-14,-0.0011240035222975934
2019-10-15,0.01062794596095403
2019-10-16,-0.0006828537833077242
2019-10-17,0.00838323481961935
2019-10-18,-0.0010708313971515616
2019-10-21,0.00841271497009206
2019-10-22,0.017109597188824453
2019-10-23,0.0012091108959050153
2019-10-24,0.01692419147605236
2019-10-25,0.0024191498107931273
2019-10-28,0.01456376707092418
2019-10-29,-0.006724799794817526
2019-10-30,-0.0013717773585235626
2019-10-31,-0.004948314025190937
2019-11-01,-0.004585761784713009
2019-11-04,0.006351075860340886
2019-11-05,0.004131839853617906
2019-11-06,-0.008086603091183586
2019-11-07,0.0006340729827371143
2019-11-08,0.002967887467643567
2019-11-11,-0.002268518014141859
2019-11-12,0.00045028974115467836
2019-11-13,-0.004237688531931782
2019-11-14,9.951069676339409e-06
2019-11-15,0.01014172554111097
2019-11-18,-0.005298223663994306
2019-11-19,0.0032941902426244507
2019-11-20,-0.004187625574086947
2019-11-21,-0.0026025843597192364
2019-11-22,0.003731487760876262
2019-11-25,0.01514181048202395
2019-11-26,0.004304271307005725
2019-11-27,0.004014618338517062
2019-11-28,0.0
2019-11-29,-0.008721041615214328
2019-12-02,-0.012902476517972739
2019-12-03,-0.004965525500842527
2019-12-04,0.005835702496380598
2019-12-05,0.004695962503233794
2019-12-06,0.007962533162472219
2019-12-09,-0.009208280051939988
2019-12-10,0.00048122348233799644
2019-12-11,0.0046012548708298665
2019-12-12,0.009001206413917011
2019-12-13,0.00010055275263848677
2019-12-16,0.007342306737407708
2019-12-17,0.0027863006830187794
2019-12-18,0.0013445723564985857
2019-12-19,0.003121236654431551
2019-12-20,0.008605853789037502
2019-12-23,-0.0007861577596855499
2019-12-24,-0.0005812337254299527
2019-12-26,0.0018240576566430412
2019-12-27,-0.0005708050703090143
2019-12-30,-0.004991290365608251
2019-12-31,0.003069724238992322
2020-01-02,0.0001556498627912628
2020-01-03,0.0001556498627912628
2020-01-06,0.0001556498627912628
2020-01-07,0.0001556498627912628
2020-01-08,0.0001556498627912628
2020-01-09,0.0001556498627912628
2020-01-10,0.0001556498627912628
2020-01-13,0.0001556498627912628
2020-01-14,0.0001556498627912628
2020-01-15,0.0001556498627912628
2020-01-16,0.0001556498627912628
2020-01-17,0.0001556498627912628
2020-01-20,0.0001556498627912628
2020-01-21,0.0001556498627912628
2020-01-22,0.0001556498627912628
2020-01-23,0.0001556498627912628
2020-01-24,0.0001556498627912628
2020-01-27,0.0001556498627912628
2020-01-28,0.0001556498627912628
2020-01-29,0.0001556498627912628
2020-01-30,0.0001556498627912628
2020-01-31,0.0001556498627912628
2020-02-03,0.0001556498627912628
2020-02-04,0.0001556498627912628
2020-02-05,0.0001556498627912628
2020-02-06,0.0001556498627912628
2020-02-07,0.0001556498627912628
2020-02-10,0.0001556498627912628
2020-02-11,0.0001556498627912628
2020-02-12,0.009031198686371145
2020-02-13,0.010902802579098037
2020-02-14,-0.006920139530138869
2020-02-17,0.0
2020-02-18,-0.008911181305537
2020-02-19,0.004764688966091438
2020-02-20,-0.0007666982632738634
2020-02-21,-0.016056312674494023
2020-02-24,-0.03774000742012567
2020-02-25,-0.03130418462272203
2020-02-26,0.0021419834120617004
2020-02-27,-0.037251646681870046
2020-02-28,-0.013275213399903134
2020-03-02,0.041799833795285464
2020-03-03,-0.02793698310851289
2020-03-04,0.04126636598242926
2020-03-05,-0.030163368259598422
2020-03-06,-0.014569890962200545
2020-03-09,-0.06359072394170351
2020-03-10,0.049774959689479516
2020-03-11,-0.04301893196646368
2020-03-12,-0.08520772144401455
2020-03-13,0.06789925317586977
2020-03-16,-0.11431491626310158
2020-03-17,0.04748124044351753
2020-03-18,-0.04026724990981404
2020-03-19,0.01924049850161215
2020-03-20,-0.057091347336348505
2020-03-23,-0.034359350812401754
2020-03-24,0.11497361398650402
2020-03-25,0.01178038534740388
2020-03-26,0.059045492195987016
2020-03-27,-0.03052245768526356
2020-03-30,0.038994394938350205
2020-03-31,-0.014193140560972584
2020-04-01,-0.04986030103352774
2020-04-02,0.026226502178827958
2020-04-03,-0.012523193281521027
2020-04-06,0.07504030519322358
2020-04-07,-0.0073165073331365425
2020-04-08,0.036571089762601885
2020-04-09,0.009334879182438945
2020-04-13,-0.02245635922078302
2020-04-14,0.02653233622970955
2020-04-15,-0.024195351515975752
2020-04-16,0.008826365002789837
2020-04-17,0.03760429110387522
2020-04-20,-0.020565058615987335
2020-04-21,-0.03779688580904567
2020-04-22,0.03198906204273023
2020-04-23,0.0013105267692485507
2020-04-24,0.016085172833840106
2020-04-27,0.02115858034411424
2020-04-28,-0.006637997331700378
2020-04-29,0.0315947661426177
2020-04-30,-0.019249617824262613
2020-05-01,-0.029739550233210985
2020-05-04,0.004815908259027794
2020-05-05,0.015283631016550147
2020-05-06,-0.007122315417611769
2020-05-07,0.00935525054265145
2020-05-08,0.014618207906953872
2020-05-11,0.009047937995546129
2020-05-12,-0.024959459789458675
2020-05-13,-0.01568794814442526
2020-05-14,0.012275550793399592
2020-05-15,0.004055048043484029
2020-05-18,0.034723961446141566
2020-05-19,-0.004695082657604425
2020-05-20,0.016954735162773505
2020-05-21,-0.011365467247508294
2020-05-22,0.0026645157185395027
2020-05-25,0.0
2020-05-26,0.014209781503539813
2020-05-27,0.014605904503166966
2020-05-28,-0.0021858588298194538
2020-05-29,0.011337722825122184
2020-06-01,-0.003024982674714501
2020-06-02,0.0016035705153947994
2020-06-03,0.02275402236612801
2020-06-04,-0.005711336233908167
2020-06-05,0.02888332661291173
2020-06-08,0.0022557926204710642
2020-06-09,-0.007559390478396333
2020-06-10,-0.006018707503549773
2020-06-11,-0.05986325134138739
2020-06-12,0.009889019841924621
2020-06-15,0.00849861048711682
2020-06-16,0.01801599272508299
2020-06-17,-0.003349453553592737
2020-06-18,-0.005085267961503385
2020-06-19,0.0012471677976507722
2020-06-22,0.009955319670056362
2020-06-23,-0.001745720415488757
2020-06-24,-0.030223156437546694
2020-06-25,0.012432707721090671
2020-06-26,-0.01741923022469778
2020-06-29,0.0073451544958769675
2020-06-30,0.021116045875105818
2020-07-01,-0.0028472883678893742
2020-07-02,0.006400898042178612
2020-07-03,0.0
2020-07-06,0.011370247338151477
2020-07-07,-0.010066419394934252
2020-07-08,0.00425071680044357
2020-07-09,-0.0059259508427996176
2020-07-10,0.0005323784297201965
2020-07-13,-0.007735313411499031
2020-07-14,0.021875567051694505
2020-07-15,0.017085552866714166
2020-07-16,-0.003299596243250565
2020-07-17,0.009845343853547132
2020-07-20,0.006647696629725094
2020-07-21,0.00319468820057666
2020-07-22,0.008908895774940228
2020-07-23,-0.008944097542713443
2020-07-24,-0.006888780603603791
2020-07-27,0.019784981887423583
2020-07-28,-0.01795571492261948
2020-07-29,0.011984778797793997
2020-07-30,-0.0016197774760196163
2020-07-31,-0.0005375517403105156
2020-08-03,0.01591310524455628
2020-08-04,0.003731159041792842
2020-08-05,-0.006319565784800944
2020-08-06,-0.003429580235989175
2020-08-07,0.0011043354426957474
2020-08-10,-0.0027063626828172094
2020-08-11,-0.002491533460130905
2020-08-12,0.011817147771927638
2020-08-13,-0.0017955125074775146
2020-08-14,-0.002731032854445818
2020-08-17,0.010769022593967193
2020-08-18,0.005525978228386334
2020-08-19,-0.0016831474615078982
2020-08-20,-0.0008446527496726549
2020-08-21,0.0010366432174668519
2020-08-24,0.006091178542214822
2020-08-25,0.0031185979293930485
2020-08-26,0.001983704196017825
2020-08-27,0.0033236698746345124
2020-08-28,0.010773557869309261
2020-08-31,-0.0034028408583275456
2020-09-01,0.0014906616466376402
2020-09-02,0.05811066535826578
2020-09-03,-0.03629201071522765
2020-09-04,-0.005316917116903119
2020-09-08,-0.03022025989291662
2020-09-09,0.02519799582481304
2020-09-10,-0.02471413709850929
2020-09-11,0.001633290421526845
2020-09-14,0.015211910967064276
2020-09-15,0.005640170570968891
2020-09-16,-0.00024632490155772254
2020-09-17,-0.005484133416142408
2020-09-18,-0.004988763873050717
2020-09-21,-0.014488470395263013
2020-09-22,0.006520283595715178
2020-09-23,-0.02165802472662092
2020-09-24,0.00013257340647537436
2020-09-25,0.017541613128821364
2020-09-28,0.013347050923878268
2020-09-29,0.0014343359290306316
2020-09-30,0.005155968105998158
2020-10-01,0.0003518345687860321
2020-10-02,-0.010691849727175184
2020-10-05,0.021308169326325274
2020-10-06,-0.005891891506199302
2020-10-07,0.014771141038508673
2020-10-08,0.014901641729464362
2020-10-09,0.010925908249887772
2020-10-12,0.00875267215425075
2020-10-13,-0.0029666973663610152
2020-10-14,-0.0012508824713155656
2020-10-15,-0.005817065489916303
2020-10-16,-0.0002574786133232883
2020-10-19,-0.015707119881255022
2020-10-20,0.004264396889059981
2020-10-21,-0.010779238052420714
2020-10-22,-0.005609880714442528
2020-10-23,0.007544017648663052
2020-10-26,-0.021935973366016413
2020-10-27,-0.00488131839848022
2020-10-28,-0.03298762934074272
2020-10-29,0.0072374984574974
2020-10-30,-0.007992358655930102
2020-11-02,0.01607907013501714
2020-11-03,0.02948780408814787
2020-11-04,0.015606919975054472
2020-11-05,0.023677526469981617
2020-11-06,0.0052815102462487
2020-11-09,0.015749840334305324
2020-11-10,-0.0009451319495123345
2020-11-11,0.008909021050456456
2020-11-12,-0.01473955763873421
2020-11-13,0.01845727028593693
2020-11-16,0.011892865551763675
2020-11-17,0.00023310697267725128
2020-11-18,-0.006827251364802726
2020-11-19,0.018504194752364377
2020-11-20,-0.004977504737604647
2020-11-23,0.001495807752490815
2020-11-24,0.011941989383903102
2020-11-25,-0.008767920188737082
2020-11-27,0.0020053326084511344
2020-11-30,-0.005200859668661661
2020-12-01,0.012003906595108157
2020-12-02,-0.0019345610879351715
2020-12-03,-0.0002055889651621771
2020-12-04,0.014888148552831604
2020-12-07,-0.0029350969922037266
2020-12-08,0.011492755861092293
2020-12-09,-0.006746866943941184
2020-12-10,-0.0006478633620367565
2020-12-11,-0.003977139355631517
2020-12-14,-0.0010403216497700597
2020-12-15,0.011056015923504107
2020-12-16,0.0014072404593729862
2020-12-17,0.006112178746569766
2020-12-18,-0.0005971998356371151
2020-12-21,-0.005782861185489874
2020-12-22,-0.001059212672288575
2020-12-23,-0.0035894526584161184
2020-12-24,0.005333537146701165
2020-12-28,0.0034640275378990653
2020-12-29,-0.006073984523693358
2020-12-30,0.0031027820927188735
2020-12-31,0.009580586043423081
2021-01-04,0.0001556498627912628
2021-01-05,0.0001556498627912628
2021-01-06,0.0001556498627912628
2021-01-07,0.0001556498627912628
2021-01-08,0.0001556498627912628
2021-01-11,0.0001556498627912628
2021-01-12,0.0001556498627912628
2021-01-13,0.0001556498627912628
2021-01-14,0.0001556498627912628
2021-01-15,-0.011202970190169914
2021-01-19,-0.0034491791826755103
2021-01-20,0.028981380065717488
2021-01-21,0.0048751410384688665
2021-01-22,0.0008897928053896997
2021-01-25,0.002116670900008444
2021-01-26,0.005998648191956724
2021-01-27,-0.03418157386411347
2021-01-28,0.01232608695652182
2021-01-29,-0.014817359932999818
2021-02-01,0.02447849685027359
2021-02-02,0.031765957446808546
2021-02-03,-0.02915495941230556
2021-02-04,0.013494374188386912
2021-02-05,0.009888453578204948
2021-02-08,0.01405484065265985
2021-02-09,0.006020516201467689
2021-02-10,0.006255133182657302
2021-02-11,0.005642039532050835
2021-02-12,-0.009238136469926574
2021-02-16,-0.024204021451064633
2021-02-17,-0.0074735295949163675
2021-02-18,-0.0008206906926370868
2021-02-19,-0.001247653693125391
2021-02-22,-0.017884502126624936
2021-02-23,-0.012279239038482093
2021-02-24,0.004597552713693761
2021-02-25,-0.021129926378360465
2021-02-26,0.0037407307288023885
2021-03-01,0.026006058055888084
2021-03-02,-0.011278483477288992
2021-03-03,-0.04343291277642723
2021-03-04,-0.02930655543922774
2021-03-05,0.022801311330083902
2021-03-08,-0.008946155688088016
2021-03-09,0.020675792716093138
2021-03-10,0.005539515309818747
2021-03-11,0.020527237240502382
2021-03-12,-0.003011905650855621
2021-03-15,0.008883331164411408
2021-03-16,0.000467592388688424
2021-03-17,0.0038750654994629116
2021-03-18,-0.029909029324882968
2021-03-19,0.009590334038717866
2021-03-22,0.01058280822514559
2021-03-23,-0.014318506382043033
2021-03-24,-0.022030802434370226
2021-03-25,0.00772657923887979
2021-03-26,0.025060404808033145
2021-03-29,-0.01530259449983451
2021-03-30,-0.0059871112184398815
2021-03-31,0.00966694196826261
2021-04-01,0.009055141114204438
2021-04-05,0.002483406925417649
2021-04-06,0.007917901451155562
2021-04-07,-0.009523153853709188
2021-04-08,0.008236741463708779
2021-04-09,0.0013779812560735423
2021-04-12,-0.00034172956188723475
2021-04-13,0.003688297557549832
2021-04-14,0.0019191508833562724
2021-04-15,0.014225098305056739
2021-04-16,0.004790392145375451
2021-04-19,-0.014627162856111963
2021-04-20,-0.005813228784294422
2021-04-21,0.004189983702265998
2021-04-22,-0.011459942072251428
2021-04-23,0.01006705583928303
2021-04-26,0.009218101035323485
2021-04-27,-0.0048971364494708215
2021-04-28,-0.004426540797948131
2021-04-29,-3.0341190927929418e-05
2021-04-30,-0.005636238911561634
2021-05-03,0.0011543130823632082
2021-05-04,-0.01311501984317737
2021-05-05,-0.008181171117177066
2021-05-06,-0.014538498740548784
2021-05-07,0.028575911406413135
2021-05-10,-0.02603140398469844
2021-05-11,0.010297983809720445
2021-05-12,-0.01091071235777424
2021-05-13,0.009307249668195346
2021-05-14,0.020451807561982224
2021-05-17,-0.007646982265227079
2021-05-18,-0.005075657605679155
2021-05-19,-0.005351135273538802
2021-05-20,0.022618325451378186
2021-05-21,0.0002070174514707294
2021-05-24,-0.0013478807759348325
2021-05-25,-0.003954383999680888
2021-05-26,0.005401078688746797
2021-05-27,0.0002957979820251625
2021-05-28,0.007885049766943176
2021-06-01,-0.005374006748547748
2021-06-02,-0.005324870600412572
2021-06-03,-0.00828762521321577
2021-06-04,0.01739923262442396
2021-06-07,0.027906952532787927
2021-06-08,3.505871640624066e-05
2021-06-09,-0.0017507897612674054
2021-06-10,0.011870767032460372
2021-06-11,2.1517666827082965e-06
2021-06-14,0.00341137034965866
2021-06-15,-0.0095748152703549
2021-06-16,-0.0027159777799730406
2021-06-17,0.006284209478394735
2021-06-18,0.001911025170012115
2021-06-21,0.02270775218363552
2021-06-22,0.009771368112230887
2021-06-23,0.0024489226745861253
2021-06-24,0.016439550679921356
2021-06-25,0.006995860151492768
2021-06-28,0.006680862262901277
2021-06-29,0.0035917455851177003
2021-06-30,-0.003755773251067899
2021-07-01,0.010298982685650653
2021-07-02,-0.007779637128181579
2021-07-06,-0.004853288437848639
2021-07-07,-0.003039354911743312
2021-07-08,-0.005618517115214698
2021-07-09,0.010561617347365604
2021-07-12,-0.0017996367513482584
2021-07-13,-0.009252233377150294
2021-07-14,-0.004486793212559337
2021-07-15,-0.005581123120099773
2021-07-16,0.0043855105833829015
2021-07-19,-0.0026642361412242115
2021-07-20,0.016693805608184304
2021-07-21,0.0011439239024439625
2021-07-22,-0.0026090050810064548
2021-07-23,0.016689629656378133
2021-07-26,-0.007051974094733704
2021-07-27,-0.0019180929059855688
2021-07-28,0.01585825466754805
2021-07-29,0.005216676619657945
2021-07-30,-0.0034934666260262462
2021-08-02,0.007064506193047852
2021-08-03,0.013021932265311224
2021-08-04,-0.001393560810075874
2021-08-05,0.00028639888997964065
2021-08-06,0.0015072046874988827
2021-08-09,-0.010658534562030475
2021-08-10,-0.0003004293179672842
2021-08-11,-0.0077931729433559456
2021-08-12,0.008546704266710173
2021-08-13,-0.0038042236438956692
2021-08-16,-0.0037776490434872673
2021-08-17,0.0004130763378756101
2021-08-18,-0.015938189482619484
2021-08-19,0.000265826592406504
2021-08-20,0.012460661517498991
2021-08-23,0.013882091236432486
2021-08-24,0.0028373405479669824
2021-08-25,0.0021709516738574576
2021-08-26,-0.001964233689149116
2021-08-27,0.01567181801143695
2021-08-30,0.001497575313147396
2021-08-31,-0.005651237134217594
2021-09-01,-5.2282547594728614e-05
2021-09-02,-0.006543359625386398
2021-09-03,-0.0007150689953458948
2021-09-07,-0.024419204586084303
2021-09-08,-0.004257251522811756
2021-09-09,-0.011698539929473688
2021-09-10,-0.0021462149219460807
2021-09-13,-0.008730059691598088
2021-09-14,-0.00636511134622666
2021-09-15,0.008713490686120743
2021-09-16,0.0014229917558779967
2021-09-17,-0.0036395129193898053
2021-09-20,-0.014189575329509227
2021-09-21,0.004454383892945864
2021-09-22,0.003908393241294891
2021-09-23,0.007384336931230958
2021-09-24,-0.003962319206777172
2021-09-27,-0.0072244259614663965
2021-09-28,-0.02416849742375051
2021-09-29,-0.00040884178028843067
2021-09-30,-0.0032655777958159695
2021-10-01,0.014840291045322489
2021-10-04,-0.019626715594660567
2021-10-05,0.011488877466467266
2021-10-06,-0.008486002963377596
2021-10-07,0.018494022159705675
2021-10-08,-0.0048485857757854635
2021-10-11,-0.00682094153971701
2021-10-12,0.0013880587458036406
2021-10-13,0.009240947456534239
2021-10-14,0.0169994870756543
2021-10-15,0.0011764076444680841
2021-10-18,0.0031648330605669257
2021-10-19,0.009450081548173388
2021-10-20,-0.0025672840166818477
2021-10-21,0.005268651141321971
2021-10-22,-0.007986751003230208
2021-10-25,0.007799050700157414
2021-10-26,-0.004612050384728894
2021-10-27,-0.017025569191137322
2021-10-28,0.010454856019265863
2021-10-29,-0.001828629305273551
2021-11-01,0.0168032250189446
2021-11-02,0.0015637008984098774
2021-11-03,0.02064508020000538
2021-11-04,-0.0036061006051384624
2021-11-05,-0.027994590233908868
2021-11-08,0.017473370387295083
2021-11-09,0.008106034229086971
2021-11-10,-0.014316934498258245
2021-11-11,0.0023675541082916734
2021-11-12,0.016694294380449812
2021-11-15,0.00316237456349453
2021-11-16,0.013621625729907128
2021-11-17,-0.007461723437994487
2021-11-18,-0.012688209529392853
2021-11-19,0.001055634390946573
2021-11-22,-0.017482612935026405
2021-11-23,-0.003277301276532807
2021-11-24,0.005751604072916031
2021-11-26,-0.013912534643293072
2021-11-29,-0.0009799855827648345
2021-11-30,-0.010747872487209964
2021-12-01,-0.020780920160268564
2021-12-02,0.013013980099321613
2021-12-03,-0.040649799706764016
2021-12-06,0.010789373774574585
2021-12-07,0.029673362904022744
2021-12-08,0.006504209726887966
2021-12-09,-0.016389268956330225
2021-12-10,0.004721002099395758
2021-12-13,0.0037951018074186362
2021-12-14,-0.017749245990370702
2021-12-15,0.024537755222747624
2021-12-16,-0.01396393206425095
2021-12-17,0.010947700448216358
2021-12-20,-0.016215070390972704
2021-12-21,0.020933934769925038
2021-12-22,0.0031091085986074463
2021-12-23,0.010659679756684507
2021-12-27,0.013564218189466137
2021-12-28,-0.005389549346102829
2021-12-29,0.006293300869920822
2021-12-30,-0.006668555916578504
2021-12-31,-0.0065905288678834275
2022-01-03,0.0001556498627912628
2022-01-04,0.0001556498627912628
2022-01-05,0.0001556498627912628
2022-01-06,0.0001556498627912628
2022-01-07,0.0001556498627912628
2022-01-10,0.0001556498627912628
2022-01-11,0.0001556498627912628
2022-01-12,0.0001556498627912628
2022-01-13,0.0001556498627912628
2022-01-14,0.0001556498627912628
2022-01-18,0.0001556498627912628
2022-01-19,0.0001556498627912628
2022-01-20,0.0001556498627912628
2022-01-21,-0.021415288245081765
2022-01-24,0.03950711128003026
2022-01-25,-0.03259823730900957
2022-01-26,-0.003799331635900738
2022-01-27,-0.015494898264810986
2022-01-28,0.05092789777912987
2022-01-31,0.031148679944418722
2022-02-01,0.0031443009545200074
2022-02-02,0.03412965460053241
2022-02-03,-0.11400329221130619
2022-02-04,0.0016695167539794904
2022-02-07,-0.023330201554601082
2022-02-08,-0.006280999906922813
2022-02-09,0.02471560867211911
2022-02-10,-0.03239487856244864
2022-02-11,-0.016910190610583624
2022-02-14,-0.009614427941931984
2022-02-15,0.019879486537438065
2022-02-16,7.454778269931536e-05
2022-02-17,-0.02913285587589033
2022-02-18,-0.009691379400814933
2022-02-22,-0.012990370602256792
2022-02-23,-0.017950928393093632
2022-02-24,0.027452791897562355
2022-02-25,0.018640697884795714
2022-02-28,-0.008843483981881062
2022-03-01,-0.01648425871720544
2022-03-02,0.01948197490182429
2022-03-03,-0.011886556961051639
2022-03-04,-0.015353973308084124
2022-03-07,-0.032228048232574
2022-03-08,-0.0021483551152494747
2022-03-09,0.0328702285783272
2022-03-10,-0.01159738578898899
2022-03-11,-0.020022214079753693
2022-03-14,-0.007935920242575618
2022-03-15,0.02015626455574726
2022-03-16,0.03002971237584132
2022-03-17,0.015886362248023377
2022-03-18,0.015579876896382672
2022-03-21,-0.009277598371284257
2022-03-22,0.014829318265007819
2022-03-23,-0.031840708558931126
2022-03-24,0.012867463613542806
2022-03-25,0.0015706350138776784
2022-03-28,0.006072765967731312
2022-03-29,0.02668837285945922
2022-03-30,-0.01367344538316641
2022-03-31,-0.015351454440849784
2022-04-01,0.009369755887065538
2022-04-04,0.009140726441591451
2022-04-05,-0.017503702077934124
2022-04-06,-0.0078841702814115
2022-04-07,0.0003841547128591379
2022-04-08,-0.0046143679175996745
2022-04-11,-0.01918210593988642
2022-04-12,-0.004087094646543347
2022-04-13,0.013644607053720444
2022-04-14,-0.015556582859182311
2022-04-18,-0.0017844140757815226
2022-04-19,0.023563706680262708
2022-04-20,-0.004154188782567829
2022-04-21,-0.026197169849743865
2022-04-22,-0.030664989661478688
2022-04-25,0.010539259204285127
2022-04-26,-0.03071839114809307
2022-04-27,-0.006486633552214978
2022-04-28,0.028856654440325324
2022-04-29,-0.0333486745795778
2022-05-02,0.009930224298701214
2022-05-03,0.009025384322324862
2022-05-04,0.03320071632294829
2022-05-05,-0.04672198521232006
2022-05-06,-0.01811053809803782
2022-05-09,-0.03872423000113907
2022-05-10,0.0014234715731446265
2022-05-11,-0.02198757180022488
2022-05-12,0.020038975353144015
2022-05-13,0.025548578322280028
2022-05-16,-0.0061341692930934645
2022-05-17,0.02277888455978115
2022-05-18,-0.027141562949574895
2022-05-19,-0.003983059149726306
2022-05-20,0.005474361507883363
2022-05-23,0.01184927219123597
2022-05-24,-0.02915585228306207
2022-05-25,0.010104964357025651
2022-05-26,0.02522271614101923
2022-05-27,0.02394210465060014
2022-05-31,-0.011856556725949237
2022-06-01,-0.014648370565895786
2022-06-02,0.02275619948465196
2022-06-03,-0.01692821642308021
2022-06-06,0.006474027214438779
2022-06-07,0.014265482897232529
2022-06-08,-0.00948038728808785
2022-06-09,-0.02377207275318666
2022-06-10,-0.03689737847594333
2022-06-13,-0.042222499185153924
2022-06-14,-0.008779611862009106
2022-06-15,0.01766425921962175
2022-06-16,-0.03632465658873345
2022-06-17,0.010831448985113753
2022-06-21,0.007680631522893526
2022-06-22,0.00019039953163713837
2022-06-23,0.017548369116064173
2022-06-24,0.0406931955382783
2022-06-27,-0.006548410775668197
2022-06-28,-0.0305245834004546
2022-06-29,-0.002285018515734357
2022-06-30,-0.011005540663535148
2022-07-01,0.004616003356163567
2022-07-05,0.015287235808593768
2022-07-06,0.009228432722752073
2022-07-07,0.019534027097504417
2022-07-08,0.001438861202927244
2022-07-11,-0.01965471816697472
2022-07-12,0.004699552598091265
2022-07-13,0.0024717137171451336
2022-07-14,-0.010456815427337667
2022-07-15,0.017374554043808086
2022-07-18,-0.00889950337373635
2022-07-19,0.036141266527137866
2022-07-20,0.014449309111038906
2022-07-21,0.009203573276767182
2022-07-22,-0.018907436858788994
2022-07-25,-0.00919977395696463
2022-07-26,-0.008821486397384677
2022-07-27,0.027158146116982602
2022-07-28,0.01655456989435867
2022-07-29,0.0015960005544996066
2022-08-01,0.0010983548012396612
2022-08-02,-0.004064527543856888
2022-08-03,0.023260701480669454
2022-08-04,0.007288399122520165
2022-08-05,0.005459751946081156
2022-08-08,0.010982930713075737
2022-08-09,-0.026154109423188788
2022-08-10,0.03230015468516564
2022-08-11,-0.00493716532931725
2022-08-12,0.021877389453678075
2022-08-15,0.005143017287962012
2022-08-16,-0.0002756136592761083
2022-08-17,-0.015309428185753685
2022-08-18,-0.0003641181019089205
2022-08-19,-0.02167527640899684
2022-08-22,-0.030418923878721603
2022-08-23,-0.0020735971404717874
2022-08-24,0.006759554388582311
2022-08-25,0.020703920428718017
2022-08-26,-0.045067969454349814
2022-08-29,-0.01258879675887318
2022-08-30,-0.0096464745214848
2022-08-31,-0.004968523996629518
2022-09-01,0.00038717130904340665
2022-09-02,-0.010071696567909886
2022-09-06,-0.0016900261649798335
2022-09-07,0.02352480648216278
2022-09-08,0.02381103458113606
2022-09-09,0.016721379796178923
2022-09-12,0.0001284084814487126
2022-09-13,-0.03879819686039081
2022-09-14,-0.00231892890110547
2022-09-15,-0.007321710123377797
2022-09-16,-0.00958013137964752
2022-09-19,0.001985414551091654
2022-09-20,-0.01734488306111749
2022-09-21,-0.01697168198783773
2022-09-22,-0.015201369105557309
2022-09-23,-0.013055446229111959
2022-09-26,-0.014100431054068123
2022-09-27,0.0004955185375452587
2022-09-28,0.02426553834963244
2022-09-29,-0.01896571783316734
2022-09-30,-0.012334839208474061
2022-10-03,0.03967227447535867
2022-10-04,0.027850952784046375
2022-10-05,-0.0007969244596950438
2022-10-06,-0.008442418251881427
2022-10-07,-0.030971974574919493
2022-10-10,-0.012379406654225952
2022-10-11,-0.010970525331979834
2022-10-12,-0.007552074448991286
2022-10-13,0.02936401358260318
2022-10-14,-0.0249741442237015
2022-10-17,0.028390432465111814
2022-10-18,0.007589947437727665
2022-10-19,-0.014557414058047209
2022-10-20,-0.010170491533607502
2022-10-21,0.01933662792715831
2022-10-24,0.014081716752395734
2022-10-25,0.026765604222539634
2022-10-26,0.00043447816820589845
2022-10-27,-0.021385969006304215
2022-10-28,0.01813094554587739
2022-10-31,-0.013744816222826594
2022-11-01,0.0053801994906672364
2022-11-02,-0.02899708821088495
2022-11-03,-0.005515717797910654
2022-11-04,0.020262004490957757
2022-11-07,0.011081199759168547
2022-11-08,0.001660165398755457
2022-11-09,-0.01687569826538918
2022-11-10,0.06057960907294793
2022-11-11,0.022573129235965297
2022-11-14,-0.0066123723645151586
2022-11-15,0.019066120509717108
2022-11-16,-0.01455052777139334
2022-11-17,-0.00228138875407818
2022-11-18,0.0018940442633252157
2022-11-21,-0.0032300588283211843
2022-11-22,0.012778807537830198
2022-11-23,0.002864102172570582
2022-11-25,-0.003720958141702265
2022-11-28,-0.015534550520882217
2022-11-29,-0.0005720229543749363
2022-11-30,0.03325761730511137
2022-12-01,0.010175348410144773
2022-12-02,0.0031601308886929874
2022-12-05,-0.017329866175986353
2022-12-06,-0.020979772725232236
2022-12-07,0.001907545834817374
2022-12-08,0.011343010299226056
2022-12-09,-0.0074162610769639885
2022-12-12,0.013076786558362204
2022-12-13,0.008728600048330952
2022-12-14,0.0014640138247805263
2022-12-15,-0.03061620195351006
2022-12-16,-0.0038953501748524594
2022-12-19,-0.011581959678171964
2022-12-20,0.007023656518149328
2022-12-21,0.01437702664623773
2022-12-22,-0.018434752087190556
2022-12-23,-0.00229146390985641
2022-12-27,-0.004527298452484282
2022-12-28,-0.010401167341849609
2022-12-29,0.023092445394564544
2022-12-30,-0.005065670464921338
2023-01-03,0.0001556498627912628
2023-01-04,0.0001556498627912628
2023-01-05,0.0001556498627912628
2023-01-06,0.0001556498627912628
2023-01-09,0.0001556498627912628
2023-01-10,0.0001556498627912628
2023-01-11,0.0001556498627912628
2023-01-12,0.0001556498627912628
2023-01-13,0.0001556498627912628
2023-01-17,0.0001556498627912628
2023-01-18,0.0001556498627912628
2023-01-19,0.0001556498627912628
2023-01-20,0.0001556498627912628
2023-01-23,0.0001556498627912628
2023-01-24,0.0001556498627912628
2023-01-25,0.0001556498627912628
2023-01-26,0.0001556498627912628
2023-01-27,0.0001556498627912628
2023-01-30,0.0001556498627912628
2023-01-31,0.0001556498627912628
2023-02-01,0.04951456310679614
2023-02-02,-0.0478723404255319
2023-02-03,-0.012144765606023844
2023-02-06,-0.019850111538240567
2023-02-07,0.03625471540549652
2023-02-08,-0.005991036033581976
2023-02-09,-0.006006999975426049
2023-02-10,0.005069339898213732
2023-02-13,0.007808570736836584
2023-02-14,0.01751008436691881
2023-02-15,0.020260124717701382
2023-02-16,-0.009998171443260102
2023-02-17,-0.008271173673664181
2023-02-21,-0.02460935773588205
2023-02-22,-0.0006837415429281772
2023-02-23,0.0006427969208542864
2023-02-24,-0.013656657097872027
2023-02-27,0.010099459847591004
2023-02-28,-0.0018860929581151265
2023-03-01,0.004086691190236635
2023-03-02,0.007393620319204623
2023-03-03,0.014493042836128097
2023-03-06,-0.0002571781283744838
2023-03-07,-0.012203692592413688
2023-03-08,-0.0028813661751771803
2023-03-09,-0.016560204198670762
2023-03-10,-0.021362820787945654
2023-03-13,-0.009167300424697312
2023-03-14,0.015046636526088087
2023-03-15,-0.024096555228053065
2023-03-16,0.016460989004186657
2023-03-17,-0.02222851232362336
2023-03-20,0.009931342287491877
2023-03-21,0.021561921482791367
2023-03-22,-0.02286364940386602
2023-03-23,0.004177231841657162
2023-03-24,-0.0010191126897213761
2023-03-27,0.006663269877307069
2023-03-28,0.0014120951066859252
2023-03-29,0.01490427256872123
2023-03-30,0.007937282610768663
2023-03-31,0.013003467856784294
2023-04-03,0.0056665989341896745
2023-04-04,-0.012263465642854824
2023-04-05,-0.007778134403832977
2023-04-06,-0.009320697592846898
2023-04-10,0.018639472500331784
2023-04-11,0.010584003817970651
2023-04-12,-0.00022595703569410947
2023-04-13,0.01727498721068507
2023-04-14,0.00015697585186353152
2023-04-17,0.009740581057523822
2023-04-18,0.006598465682630524
2023-04-19,-0.0015458173320679633
2023-04-20,-0.002486500930490861
2023-04-21,-0.0055362223748104105
2023-04-24,0.006051641884726148
2023-04-25,-0.026464989409808095
2023-04-26,-0.023748750358562838
2023-04-27,-0.0034543227099052666
2023-04-28,0.012263150775131619
2023-05-01,-0.001298928523869917
2023-05-02,-0.016979962659805777
2023-05-03,-0.0037651842561312156
2023-05-04,-0.008490542971311894
2023-05-05,0.024691171539590086
2023-05-08,0.01283875911912345
2023-05-09,-0.005743744431338501
2023-05-10,-0.0028790813761884935
2023-05-11,-0.009832671996404837
2023-05-12,-0.0023065990869686488
2023-05-15,0.012983065219391314
2023-05-16,-0.02176831737767723
2023-05-17,0.007362827730461345
2023-05-18,0.012005060805963249
2023-05-19,-0.008771715732635613
2023-05-22,0.0020229244095286997
2023-05-23,-0.015084126303706294
2023-05-24,-0.014622601803388835
2023-05-25,0.003356622570288237
2023-05-26,0.009324241087779628
2023-05-30,0.004159390608748984
2023-05-31,-0.012449425482720603
2023-06-01,0.010930593728161483
2023-06-02,0.023191638615601896
2023-06-05,-0.0028663382075179156
2023-06-06,0.011434970534066296
2023-06-07,0.005359100843541801
2023-06-08,0.0006262717520599518
2023-06-09,-0.001827314779695747
2023-06-12,0.017909259253825797
2023-06-13,0.014039254921840513
2023-06-14,0.000594621231056373
2023-06-15,0.015517978296008917
2023-06-16,0.0011738493088111997
2023-06-20,-0.006714375281366662
2023-06-21,-0.003871017156057377
2023-06-22,-0.0013802584448837196
2023-06-23,-0.010596467639170081
2023-06-26,-0.0013370696102999716
2023-06-27,0.014125983228693021
2023-06-28,0.005288915415115581
2023-06-29,0.005789801080753739
2023-06-30,0.015797227184557828
2023-07-03,0.004812944607923586
2023-07-05,-0.006706898680097084
2023-07-06,-0.016070230537322587
2023-07-07,0.007353456321965061
2023-07-10,0.022495368273164385
2023-07-11,0.006259839803165853
2023-07-12,0.015184024035641407
2023-07-13,0.005856606706370759
2023-07-14,-0.006252941767214981
2023-07-17,0.01198208520371759
2023-07-18,0.009230981037202775
2023-07-19,-0.004061555263680327
2023-07-20,-0.010761031268347258
2023-07-21,0.004720151814239223
2023-07-24,0.0013457320912398708
2023-07-25,0.004169132347694782
2023-07-26,-0.0038865434545018638
2023-07-27,-0.007786130118473415
2023-07-28,-0.0022425389712196282
2023-07-31,0.00018165492413799723
2023-08-01,0.0002331436265545328
2023-08-02,-0.014131414546889294
2023-08-03,0.0009784958555702087
2023-08-04,0.0065951584865401236
2023-08-07,0.008757131187258686
2023-08-08,-0.002936687529647464
2023-08-09,-0.0014692529184468764
2023-08-10,-0.005498465602522148
2023-08-11,-0.0014370971827864694
2023-08-14,0.006999653872976527
2023-08-15,-0.013678813884893197
2023-08-16,-0.0038134005323182895
2023-08-17,-0.007588512799621782
2023-08-18,0.0009256132374889943
2023-08-21,0.0031666462850340324
2023-08-22,-0.000827290532011804
2023-08-23,0.01078373095542587
2023-08-24,-0.021192337298748705
2023-08-25,0.003705742994243777
2023-08-28,0.005805047344379625
2023-08-29,0.01705063484122089
2023-08-30,9.333145988525231e-05
2023-08-31,0.0005548109050778294
2023-09-01,0.009918264670316165
2023-09-05,-0.006945203574286918
2023-09-06,-0.004800584116866561
2023-09-07,-0.00698598992702509
2023-09-08,0.0013248201066574723
2023-09-11,0.011278908900532713
2023-09-12,-0.0018923786026169953
2023-09-13,-0.005864559362895494
2023-09-14,0.015562759385438584
2023-09-15,-0.01585641271765957
2023-09-18,0.001514118214097045
2023-09-19,0.0017280014694614303
2023-09-20,-0.008758710551122132
2023-09-21,-0.017654520902189153
2023-09-22,-0.00447144052646055
2023-09-25,0.007380262003271191
2023-09-26,-0.005807557027951112
2023-09-27,0.00826170512155305
2023-09-28,0.006835831183701132
2023-09-29,-0.004582117017415502
2023-10-02,-0.010270578413888454
2023-10-03,-0.020798870969050035
2023-10-04,0.0015317148297754545
2023-10-05,-0.0058320534413797585
2023-10-06,0.013529003093540578
2023-10-09,0.007123662265484147
2023-10-10,0.01471107788442562
2023-10-11,0.00262902494329423
2023-10-12,-0.03222634934714586
2023-10-13,-0.010305945518699174
2023-10-16,0.01766102538783841
2023-10-17,0.008213949796947081
2023-10-18,-0.01772989595433893
2023-10-19,-0.017213171865103495
2023-10-20,-0.02199369439515276
2023-10-23,-0.006710306785794125
2023-10-24,0.004756131143879043
2023-10-25,-0.015588402494229214
2023-10-26,-0.011508254968769446
2023-10-27,0.002182584524957498
2023-10-30,0.002364128684757964
2023-10-31,-0.006551238628641812
2023-11-01,0.006881542489927398
2023-11-02,0.017100905436866324
2023-11-03,0.01591984791586544
2023-11-06,-0.006329088007600496
2023-11-07,-0.006473297323314919
2023-11-08,0.0004495547882098864
2023-11-09,-0.011394239218012999
2023-11-10,0.016966161593286032
2023-11-13,0.0009214214254108214
2023-11-14,0.04144002185444681
2023-11-15,0.005169643926721686
2023-11-16,-0.014326013975107998
2023-11-17,0.010740680168205048
2023-11-20,0.012732700415829709
2023-11-21,-0.004506145720663013
2023-11-22,0.009208225017868813
2023-11-24,0.0020376266430227534
2023-11-27,-0.0008534271127184893
2023-11-28,-0.00373695013871939
2023-11-29,0.005528962292923367
2023-11-30,0.003819219624778743
2023-12-01,0.022311888966213965
2023-12-04,0.006599870195972235
2023-12-05,-0.00920667164171678
2023-12-06,-0.012004626622046917
2023-12-07,0.005443741611258423
2023-12-08,-0.0004059785624690374
2023-12-11,0.00895140287112058
2023-12-12,-0.004143449857240644
2023-12-13,0.03304743238794911
2023-12-14,0.02009997797108194
2023-12-15,0.007063039133280302
2023-12-18,-0.0005004325973318198
2023-12-19,0.024723969233362522
2023-12-20,-0.023136155453098484
2023-12-21,0.014195202620192656
2023-12-22,0.003409170300858692
2023-12-26,0.005819849645014719
2023-12-27,-0.0018398341568640693
2023-12-28,-0.0025727715177405797
2023-12-29,-0.00859924510525396
2024-01-02,0.0001556498627912628
2024-01-03,0.0001556498627912628
2024-01-04,0.0001556498627912628
2024-01-05,0.0001556498627912628
2024-01-08,0.0001556498627912628
2024-01-09,0.0001556498627912628
2024-01-10,0.0001556498627912628
2024-01-11,0.0001556498627912628
2024-01-12,0.0001556498627912628
2024-01-16,0.0001556498627912628
2024-01-17,-0.002643555079641202
2024-01-18,-0.004026170105686955
2024-01-19,0.030065689742293955
2024-01-22,-0.013016106614340495
2024-01-23,-0.010619791580377513
2024-01-24,0.015573194011855751
2024-01-25,0.026546629732225435
2024-01-26,-0.01389379678113667
2024-01-29,0.026550258172755914
2024-01-30,-0.0036018596385446466
2024-01-31,-0.044851534400518756
2024-02-01,0.011415395856182675
2024-02-02,0.07330510304957194
2024-02-05,-0.010899951842377043
2024-02-06,-0.009394431988776304
2024-02-07,0.015459895665620572
2024-02-08,0.007603411604416344
2024-02-09,0.005084445900788048
2024-02-12,0.00041064267912946584
2024-02-13,-0.019590581553565085
2024-02-14,0.017206921484868968
2024-02-15,0.008434133700862212
2024-02-16,-0.014218204778522344
2024-02-20,-0.004400880257540604
2024-02-21,0.0028920101082067886
2024-02-22,0.015393558835175125
2024-02-23,0.0007896760860799157
2024-02-26,-0.0002972105766541722
2024-02-27,0.0016888444761688677
2024-02-28,-0.0032151341948322364
2024-02-29,0.0077438216683024304
2024-03-01,0.017306478238031782
2024-03-04,-0.006854947567892089
2024-03-05,-0.008117535385162437
2024-03-06,0.013560759815716472
2024-03-07,0.016671820975332544
2024-03-08,-0.007825783463206393
2024-03-11,-0.005167812559224471
2024-03-12,0.005769560264239175
2024-03-13,-0.005183092138974677
2024-03-14,-0.006315328634252504
2024-03-15,-0.012409860795308265
2024-03-18,0.010983305939527973
2024-03-19,0.0060845773137258845
2024-03-20,0.013426613269622393
2024-03-21,0.007641574041574351
2024-03-22,-0.001202552474232103
2024-03-25,-0.0016667407867999732
2024-03-26,-0.004358663268434245
2024-03-27,0.01174678778412875
2024-03-28,-0.0008375753177488917
2024-04-01,-0.0026844989552769296
2024-04-02,-0.006113060194874853
2024-04-03,0.010567296071149805
2024-04-04,-0.01172580419747966
2024-04-05,0.010671413274338641
2024-04-08,-0.0016702886197434393
2024-04-09,0.00041307843457193035
2024-04-10,-0.010347822967219745
2024-04-11,-0.0015318773321168378
2024-04-12,-0.01421231302624384
2024-04-15,-0.014257685147038453
2024-04-16,-0.0026306185567374816
2024-04-17,-0.00909482436038973
2024-04-18,7.455278578508326e-05
2024-04-19,-0.00970602710385419
2024-04-22,0.008308138539302783
2024-04-23,0.018524792382396498
2024-04-24,-0.004755245093022764
2024-04-25,-0.015948599456238076
2024-04-26,0.010220530081323776
2024-04-29,0.0003090555901659261
2024-04-30,-0.019035550403239794
2024-05-01,-0.0038405408602693552
2024-05-02,0.010709461334893967
2024-05-03,0.0140358095647382
2024-05-06,0.01502183249171687
2024-05-07,0.0012001534055287551
2024-05-08,-0.0032826390951656405
2024-05-09,0.009488850034295847
2024-05-10,-0.00024400471557812036
2024-05-13,-0.005807608943026203
2024-05-14,0.010353962979926641
2024-05-15,0.011966363698394508
2024-05-16,-0.008721392740725142
2024-05-17,0.00027383927168632324
2024-05-20,0.002343403975771848
2024-05-21,-0.0032025357158861124
2024-05-22,0.0018249829954783304
2024-05-23,-0.01608748262278914
2024-05-24,0.009876337836382525
2024-05-28,-0.0023540446652640322
2024-05-29,-0.013577824306000718
2024-05-30,-0.007910023842350749
2024-05-31,0.0038258694117431287
2024-06-03,-0.01249321242068786
2024-06-04,-0.0036366674185383417
2024-06-05,0.016583427143180167
2024-06-06,-0.009573286121569454
2024-06-07,-0.0018306421119538507
2024-06-10,0.015608158766005142
2024-06-11,0.0018617999051920853
2024-06-12,0.015056525507339174
2024-06-13,-0.00823876240631
2024-06-14,0.0009704908524942546
2024-06-17,0.006189980538162517
2024-06-18,0.0020665844598125815
2024-06-20,-0.011868604801214204
2024-06-21,0.004444434349179434
2024-06-24,0.001006727839478816
2024-06-25,-0.003131967729543776
2024-06-26,0.0014369112157468944
2024-06-27,0.00843964117987767
2024-06-28,-0.007301306688030603
2024-07-01,-0.006533437419424026
2024-07-02,0.004763359965011071
2024-07-03,0.004384906819849687
2024-07-05,0.004531612128163057
2024-07-08,0.00215567461711772
2024-07-09,-0.002576438126885461
2024-07-10,0.013457609101744724
2024-07-11,0.006006110430692361
2024-07-12,0.008175810343298092
2024-07-15,0.002073628612356293
2024-07-16,0.018118999857673682
2024-07-17,-0.03195662680972986
2024-07-18,-0.008650922366495244
2024-07-19,-0.003284465616563518
2024-07-22,0.013391765759026446
2024-07-23,0.002983721758802549
2024-07-24,-0.016828818535187095
2024-07-25,-0.0009930244868455432
2024-07-26,0.0003241480413558243
2024-07-29,-0.004636904136173237
2024-07-30,0.00195713800345955
2024-07-31,0.013646390804067746
2024-08-01,-0.014190461725966112
2024-08-02,-0.02418774987578954
2024-08-05,-0.02062039811628762
2024-08-06,0.010747527920419598
2024-08-07,-0.012403558833342987
2024-08-08,0.03377420931741337
2024-08-09,0.0034734917593122563
2024-08-12,-0.002993567508023746
2024-08-13,0.020315223550135285
2024-08-14,-0.005485893902433977
2024-08-15,0.023467932215612653
2024-08-16,-0.003287654730758279
2024-08-19,0.011441791086173122
2024-08-20,-0.012479593727866778
2024-08-21,0.010440932554650291
2024-08-22,-0.01083752157317676
2024-08-23,0.018332161406264775
2024-08-26,-0.0042578853371670515
2024-08-27,-0.004623624440709525
2024-08-28,-0.007506064620996093
2024-08-29,0.0012881753733845628
2024-08-30,0.009383729815450407
2024-09-03,-0.033437815799097506
2024-09-04,-0.009094761713409933
2024-09-05,-0.010380381781695225
2024-09-06,-0.014412592110465371
2024-09-09,0.0040566437836812835
2024-09-10,0.0026269737849271262
2024-09-11,0.018103574757057313
2024-09-12,0.006919629080073716
2024-09-13,0.006019513670960319
2024-09-16,0.009886585039115613
2024-09-17,0.0065872192031867964
2024-09-18,-0.002798610647545467
2024-09-19,0.022914893327429478
2024-09-20,-0.0032564677245389955
2024-09-23,0.00213594248703175
2024-09-24,-0.0022415253657281104
2024-09-25,-0.01399021553541695
2024-09-26,0.0060608580075066565
2024-09-27,-0.0016511175002517384
2024-09-30,0.0022468071544281395
2024-10-01,-0.0068347689417616415
2024-10-02,0.0018283646125260011
2024-10-03,-0.001579133516171057
2024-10-04,0.010624306761964797
2024-10-07,-0.007040556725318854
2024-10-08,-0.008097074361991601
2024-10-09,0.007363827770370072
2024-10-10,-0.007665217050584531
2024-10-11,0.011796996080854376
2024-10-14,0.008882278641650247
2024-10-15,-0.024972161589042214
2024-10-16,0.005572053430351586
2024-10-17,-0.0006768909396989894
2024-10-18,-0.0014277302167919744
2024-10-21,-0.0073861438127862614
2024-10-22,-0.005073480576907271
2024-10-23,-0.022883151082578827
2024-10-24,0.0023561970576131777
2024-10-25,0.004492399046924689
2024-10-28,0.0028896749112589325
2024-10-29,0.002432738101817167
2024-10-30,-0.0030062045827725942
2024-10-31,-0.014447987651807251
2024-11-01,0.003060971064161285
2024-11-04,0.0011406493521591917
2024-11-05,0.015156578085833898
2024-11-06,0.016951053176823185
2024-11-07,0.0031049475574015458
2024-11-08,-0.004282979794737515
2024-11-11,0.00919621597682984
2024-11-12,-0.00280800293122947
2024-11-13,-0.010177220050265527
2024-11-14,-0.005664269490655963
2024-11-15,-0.0240422282157115
2024-11-18,0.007760954044398775
2024-11-19,-0.00158280886651924
2024-11-20,0.0020038501721917567
2024-11-21,0.01077271683150726
2024-11-22,0.009503913484107158
2024-11-25,0.020425952802220756
2024-11-26,-0.005584206468768264
2024-11-27,-0.0019213108386148794
2024-11-29,0.002656308721047244
2024-12-02,0.010368744677576794
2024-12-03,0.0014944216403165308
2024-12-04,0.006558790224567919
2024-12-05,-0.01210713296353767
2024-12-06,0.0018147694991177557
2024-12-09,-0.004431873822446549
2024-12-10,-0.002453865889310351
2024-12-11,0.010529832494172593
2024-12-12,-0.01739046882153015
2024-12-13,-0.011590258243478258
2024-12-16,-0.003796098972973283
2024-12-17,-0.0038852520741099756
2024-12-18,-0.034332940955768436
2024-12-19,-0.011299532616295127
2024-12-20,0.011889957624191153
2024-12-23,0.006848069740014181
2024-12-24,0.006113961376142388
2024-12-26,-0.0009171038032411335
2024-12-27,-0.008600705703581572
2024-12-30,-0.012359928461961538
2024-12-31,-0.0009036899001991783
2025-01-02,0.0001556498627912628
2025-01-03,0.0001556498627912628
2025-01-06,0.0001556498627912628
2025-01-07,0.0001556498627912628
2025-01-08,0.0001556498627912628
2025-01-10,0.0001556498627912628
2025-01-13,0.0001556498627912628
2025-01-14,0.0001556498627912628
2025-01-15,0.0001556498627912628
2025-01-16,0.0001556498627912628
2025-01-17,0.0001556498627912628
2025-01-21,0.0001556498627912628
2025-01-22,0.0001556498627912628
2025-01-23,0.0001556498627912628
2025-01-24,0.0001556498627912628
2025-01-27,-0.005830661925405378
2025-01-28,-6.177996801415286e-05
2025-01-29,0.00650323403179609
2025-01-30,0.0052580944288574405
2025-01-31,0.0033950541922190824
2025-02-03,0.0071230727723704534
2025-02-04,0.012960982850725222
2025-02-05,-0.017362017888214232
2025-02-06,0.0024567318349821656
2025-02-07,-0.009735363655539639
2025-02-10,0.0070770721131540966
2025-02-11,-0.004338332999380012
2025-02-12,0.004379838411151729
2025-02-13,0.017580233202804944
2025-02-14,0.004189168812483953
2025-02-18,-0.0008426633800372007
2025-02-19,0.006527694868087212
2025-02-20,-0.008966367181679173
2025-02-21,-0.020015960144287102
2025-02-24,-0.0019230299790509683
2025-02-25,-0.0005318132402520289
2025-02-26,-0.00156983222314017
2025-02-27,-0.016442579367346537
2025-02-28,0.010854586010177606
2025-03-03,-0.01644507147399592
2025-03-04,-0.005740335177352633
2025-03-05,0.01255423249847023
2025-03-06,-0.009400255769019927
2025-03-07,0.010939303368883971
2025-03-10,-0.013600654464624943
2025-03-11,-0.0228968224076884
2025-03-12,0.0012662142080625512
2025-03-13,-0.019842133702210937
2025-03-14,0.020931396044451253
2025-03-17,0.013747533637955082
2025-03-18,-0.012882349129487929
2025-03-19,0.010307505301724617
2025-03-20,-0.007280969492069607
2025-03-21,-0.0007233690352248153
2025-03-24,0.021443301324394003
2025-03-25,0.0011207154102081285
2025-03-26,-0.010137278081977018
2025-03-27,-0.008587764359317103
2025-03-28,-0.02679695564635922
2025-03-31,0.0026996165421988424
2025-04-01,0.0024996367596574086
2025-04-02,0.012110089690696595
2025-04-03,-0.05430981266252599
2025-04-04,-0.04680052795745498
2025-04-07,-0.005745127280333917
2025-04-08,-0.02083077029969355
2025-04-09,0.09067681546287022
2025-04-10,-0.043390921974936617
2025-04-11,0.023741499371151813
2025-04-14,0.007518892061278604
2025-04-15,-0.0017069443644123809
2025-04-16,-0.01684445870449239
2025-04-17,0.00697543831300161
2025-04-21,-0.02101089807045339
2025-04-22,0.02457576838630037
2025-04-23,-0.00012135505165412989
2025-04-24,0.02196170498266571
2025-04-25,0.0058746836567491545
2025-04-28,0.0019954851195631194
2025-04-29,0.012017616055183351
2025-04-30,0.006999720179396999
2025-05-01,0.012490469820945985
2025-05-02,0.0225397217040753
2025-05-05,-0.0017075100264380009
2025-05-06,-0.020123900011807964
2025-05-07,0.0023184440593720566
2025-05-08,0.017351771118535385
2025-05-09,-0.0035607789309723453
2025-05-12,0.03887629735786888
2025-05-13,0.0062485111444053
2025-05-14,0.005329948058245552
2025-05-15,0.006755744641522724
2025-05-16,0.009791406205918873
2025-05-19,-0.0018036167315253224
2025-05-20,-0.008526415845891526
2025-05-21,-0.020001060822992644
2025-05-22,-0.0001127332710990118
2025-05-23,-0.005672336545190238
2025-05-27,0.02216501687937651
2025-05-28,-0.011553260503345679
2025-05-29,0.0028010724658682853
2025-05-30,-0.0030681884231381334
2025-06-02,0.000757150583277862
2025-06-03,0.012262736211629025
2025-06-04,0.004615756966595338
2025-06-05,-0.004248396687669809
2025-06-06,0.012854960160874774
2025-06-09,0.0016820069678653274
2025-06-10,0.009854010638070588
2025-06-11,-0.002893297707249487
2025-06-12,0.0004932807568597264
2025-06-13,-0.014657825691353743
2025-06-16,0.005741297722872477
2025-06-17,-0.011418340869556353
2025-06-18,-0.006265832231262714
2025-06-20,-0.0016723541086979266
2025-06-23,0.009869211631793284
2025-06-24,0.013612999037948584
2025-06-25,-0.008700404517107222
2025-06-26,0.00816896147853996
2025-06-27,0.00813285983368451
2025-06-30,0.001551503257082465
2025-07-01,0.013499445948599028
2025-07-02,0.009160166883910326
2025-07-03,0.0036164122002624605
2025-07-07,-0.009778314572418897
2025-07-08,0.004841672650701257
2025-07-09,0.010460693065903685
2025-07-10,0.008572192651471296
2025-07-11,-0.005762111931865718
2025-07-14,0.0031811544237456096
2025-07-15,-0.019467330499488122
2025-07-16,0.00217263155611811
2025-07-17,0.011709730793531466
2025-07-18,-0.0029832195268148028
2025-07-21,-0.009978029176427724
2025-07-22,0.057102414387880635
2025-07-23,0.00903892897744177
2025-07-24,0.0018135156706168424
2025-07-25,-0.0009721019798679971
2025-07-28,2.0915698919058793e-05
2025-07-29,-0.01361664991110459
2025-07-30,-0.012835717039517263
2025-07-31,-0.002964943248287688
2025-08-01,-0.005756347128640193
2025-08-04,0.011821993991767503
2025-08-05,0.00201814428544409
2025-08-06,-0.0020549132072893365
2025-08-07,-0.009582374732800178
2025-08-08,0.004941647237438973
2025-08-11,-0.0012583490824153406
2025-08-12,0.023778867069484334
2025-08-13,0.01741988673410626
2025-08-14,-0.008284040501970973
2025-08-15,-0.0023254142168136482
2025-08-18,0.00018535465438989095
2025-08-19,0.0033775814619719717
2025-08-20,-0.006927233204655684
2025-08-21,-0.0023883227065705894
2025-08-22,0.02444976944243915
2025-08-25,-0.0075116889572497325
2025-08-26,0.001199236884714831
2025-08-27,0.0047479884981991
2025-08-28,-0.0015608199779026278
2025-08-29,-0.004906478506728599
2025-09-02,-0.0065133668751417165
2025-09-03,0.004994516224683802
2025-09-04,0.010247505334053794
2025-09-05,0.005921032629635193
2025-09-08,-0.0025951137615676987
2025-09-09,-0.008947407965458993
2025-09-10,-0.000374577812786551
2025-09-11,0.012316345945967585
2025-09-12,-0.011717893447179365
2025-09-15,0.0023458805228676457
2025-09-16,0.004729486265236512
2025-09-17,0.0006282974360084366
2025-09-18,0.010024071497157767
2025-09-19,-0.003987847247486642
2025-09-22,-0.006793685013079398
2025-09-23,0.0009423100536763614
2025-09-24,-0.005898365731750799
2025-09-25,-0.006742738496906201
2025-09-26,0.014551324152940219
2025-09-29,0.0046983590697283455
2025-09-30,0.009379685925034915
2025-10-01,0.006548718026140395
2025-10-02,-0.000791489155975363
2025-10-03,-0.004950034190214877
2025-10-06,-0.0007436117850075845
2025-10-07,-0.011788119411871967
2025-10-08,0.0028169832905363236
2025-10-09,-0.012337774431893708
2025-10-10,-0.022192292158486466
2025-10-13,0.009094437478330379
2025-10-14,0.010494387128506373
2025-10-15,0.004427125672966762
2025-10-16,-0.005376258242430954
2025-10-17,0.00443358619836931
2025-10-20,0.006901138597368731
2025-10-21,0.009518571698481729
2025-10-22,-0.018170495000687924
2025-10-23,0.0182108393068192
2025-10-24,0.006108188692342575
2025-10-27,0.00676530511513617
2025-10-28,-0.002360161715488851
2025-10-29,-0.0004359975140868574
2025-10-30,-0.010513070944937178
2025-10-31,0.0009494492812428683
2025-11-03,-0.003447739941369428
2025-11-04,-0.019313213381139248
2025-11-05,0.008639208502206801
2025-11-06,-0.006947518568502383
2025-11-07,0.005509205948043213
2025-11-10,0.007788600120859261
2025-11-11,0.002963974991828144
2025-11-12,-0.011874516982942129
2025-11-13,-0.014134039958990837
2025-11-14,-0.007892756093127666
2025-11-17,-0.012748499070077876
2025-11-18,-0.00346525601137501
2025-11-19,-0.0019016192038067887
2025-11-20,-0.012216584499326617
2025-11-21,0.027358197687407843
2025-11-24,0.00884262045387209
2025-11-25,0.022230004314670992
2025-11-26,0.004802568113467043
2025-11-28,0.004137227556336609
2025-12-01,-0.009043712757762412
2025-12-02,-0.0035225895049048567
2025-12-03,0.009052410745130938
2025-12-04,-0.0010127783534457238
2025-12-05,0.003141190666763897
2025-12-08,-0.011788032221100446
2025-12-09,-0.0040173868785799245
2025-12-10,0.013475087129298272
2025-12-11,0.008023183132223565
2025-12-12,-0.010937947444940683
2025-12-15,0.003248823328104633
2025-12-16,-0.002550465999632038
2025-12-17,-0.006977290555889093
2025-12-18,0.006446866652287249
2025-12-19,0.009572712355478104
2025-12-22,0.00785122393225437
2025-12-23,-0.0001872181558176441
2025-12-24,0.001984080107051985
2025-12-26,-0.002261671514592489
2025-12-29,-0.003757513254479002
2025-12-30,-0.0031199189494601986
2025-12-31,-0.009110905394244907
